더미유닛ID,더미이름,능력,능력이름,피해필드,필드의미,값,범위(aare),부모트리거,기존표기재여부,소환조건(로컬),진입게이트,게이트확신도,진짜주인_유닛ID,진짜주인_이름,진짜주인_등급,주인확신도,이름표기_등급,표기_불일치
e00C,@초월 로우룸2,A09H,!4범위 로우 룸,Nbr1,화염숨결 피해,30000.0,1.0,Trig_Law_Attack_Actions,없음,"[Trig_Law_Attack_Actions] GetUnitStateSwap(UNIT_STATE_MANA,GetAttacker())==135.00",Trig_Law_Attack_Actions[이벤트직결]: (조건없음),"추정(진입 무조건 — 이벤트 직결, 로컬 조건만)",H096,트라팔가 로우- 초월함,초월함,확정,초월함,
e01I,!전설 마르코 깃털폭풍,A0VA,0장풍 계열 마르코전설,Ucs1,시체폭발/죽음의사슬 피해,280000.0,250.0,Trig_Legend17_MacroLifeSkill_Actions,없음,[Trig_Legend17_MacroLifeSkill_Actions] s__TrigVariables_Stage[GlobalTV]==0,"Trig_Legend17_Marco_Actions[이벤트직결]: s__TrigVariables_Stage[GlobalTV]==2 AND GetUnitStateSwap(UNIT_STATE_LIFE,s__TrigVariables__get_unitA(GlobalTV))==25.00",확정,h02T,마르코 환수종'불사조' - 전설적인,전설적인,확정,전설적인,
e01M,H히든 아카이누,A088,3범위 아카히든 대분화,Htc1,천둥소리 피해,300000.0,475.0,Trig_Akainu_03_Actions / Trig_Hidden5_Actions,없음,"[Trig_Akainu_03_Actions] (조건없음) | [Trig_Hidden5_Actions] GetRandomInt(1,7)==4","Trig_Akainu_Attack_Actions[이벤트직결]: NOT((GetUnitStateSwap(UNIT_STATE_MANA,GetAttacker())==135.00)) AND NOT(GetUnitStateSwap(UNIT_STATE_MANA,GetAttacker())==135.00) AND NOT(UnitHasBuffBJ(GetTriggerUnit(),'B06B')==true) AND NOT(GetRandomInt(1,1000)<76) AND GetRandomInt(1,10)==5 | Trig_Akainu_Attack_Actions[이벤트직결]: NOT((GetUnitStateSwap(UNIT_STATE_MANA,GetAttacker())==135.00)) AND NOT(GetUnitStateSwap(UNIT_STATE_MANA,GetAttacker())==135.00) AND UnitHasBuffBJ(GetTriggerUnit(),'B06B')==true AND GetRandomInt(1,10)==5 | Trig_Hidden5_Actions[이벤트직결]: (조건없음)",확정,H095 / h03Z,아카이누  - 초월함 / [히든조합]아카이누흰수염을죽인 붉은개,초월함 / 히든,확정,히든,
e030,%제한변화 에이스 불주먹1,A0C4,0장풍 에이스 불주먹-4변화1,Ucs1,시체폭발/죽음의사슬 피해,350000.0,240.0,Trig_Transpom_Ace_bulRemake_Actions,없음,[Trig_Transpom_Ace_bulRemake_Actions] s__TrigVariables_Stage[GlobalTV]==0,"Trig_Transpom3_Actions[이벤트직결]: GetRandomInt(1,10)==6",확정,h05V,포트거스.D.에이스 스페이드 해적단 선장 - 변화된,변화된,확정,제한됨,🔴 이름표기≠실제
e03K,U희귀함 에넬 뇌신 더미,ACfl,,Ocl1,연쇄번개 피해,7000.0,,Trig_Unique7_Actions,없음,"[Trig_Unique7_Actions] GetRandomInt(1,8)==3",Trig_Unique7_Actions[이벤트직결]: (조건없음),"추정(진입 무조건 — 이벤트 직결, 로컬 조건만)",h024,와이퍼 하늘섬의 전귀 - 희귀함,희귀함,확정,희귀함,
e03T,@초월 로우 카운터 더미1,A140,3범위 로우초월 카운터,Htc1,천둥소리 피해,437500.0,485.0,Trig_Law_Skill_2_reinforce_Actions,없음,[Trig_Law_Skill_2_reinforce_Actions] (조건없음),"Trig_Law_Attack_Actions[이벤트직결]: GetRandomInt(1,8)==6 AND udg_Law_Bool[GetConvertedPlayerId(GetOwningPlayer(GetAttacker()))]==true",확정,H096,트라팔가 로우- 초월함,초월함,확정,초월함,
e044,@초월 상디 킥2 더미2,A0MJ,3범위 무통샷-상디초월,Htc1,천둥소리 피해,850000.0,500.0,Trig_SandiAttack_Actions / Trig_SandiAttack_Upgrade_Actions,없음,"[Trig_SandiAttack_Actions] GetRandomInt(1,20)==5 | [Trig_SandiAttack_Upgrade_Actions] GetRandomInt(1,18)==5",Trig_SandiAttack_Actions[이벤트직결]: (조건없음) | Trig_SandiAttack_Upgrade_Actions[이벤트직결]: (조건없음),"추정(진입 무조건 — 이벤트 직결, 로컬 조건만)",H09G / H09H,상디 - 초월함 / 상디 - 초월함,초월함,확정,초월함,
e04Q,@초월 루피 개틀링 더미,A09Q,0장풍 기간트개틀링1,Ncs1,클러스터로켓 피해,47500.0,405.0,Trig_Ruffy_Attack_Actions,없음,"[Trig_Ruffy_Attack_Actions] GetRandomInt(1,80)==70 AND UnitHasBuffBJ(GetAttacker(),'B06Y')==false",Trig_Ruffy_Attack_Actions[이벤트직결]: (조건없음),"추정(진입 무조건 — 이벤트 직결, 로컬 조건만)",H099,몽키.D.루피 - 초월함,초월함,확정,초월함,
e04Q,@초월 루피 개틀링 더미,A09N,!4범위 루피초월 호크 개틀링,Nbr1,화염숨결 피해,40000.0,2.0,Trig_Ruffy_Attack_Actions,없음,"[Trig_Ruffy_Attack_Actions] GetRandomInt(1,80)==70 AND UnitHasBuffBJ(GetAttacker(),'B06Y')==false",Trig_Ruffy_Attack_Actions[이벤트직결]: (조건없음),"추정(진입 무조건 — 이벤트 직결, 로컬 조건만)",H099,몽키.D.루피 - 초월함,초월함,확정,초월함,
e054,@초월 루피 펀치더미,A09T,3범위 루피초월 둔화,Htc1,천둥소리 피해,50000.0,425.0,Trig_Ruffy_AttackDamage_Actions,없음,[Trig_Ruffy_AttackDamage_Actions] s__TrigVariables_Stage[GlobalTV]==4 AND s__TrigVariables__get_integerC(GlobalTV)<176,Trig_Ruffy_Attack_Actions[이벤트직결]: (조건없음),"추정(진입 무조건 — 이벤트 직결, 로컬 조건만)",H099,몽키.D.루피 - 초월함,초월함,확정,초월함,
e056,#불멸 Z 대구경 탄환1,A09F,0장풍 불멸 Z 대구경 탄환,Ucs1,시체폭발/죽음의사슬 피해,1000000.0,225.0,Trig_Z_skill_3_Actions,없음,[Trig_Z_skill_3_Actions] (s__TrigVariables_Stage[GlobalTV]==1) AND (GetUnitPointValue(s__TrigVariables__get_unitB(GlobalTV))==200),"Trig_Z_Attack_Actions[이벤트직결]: GetRandomInt(1,16)==7",확정,h04G,"제트 해군 스승 ""Z"" - 불멸의",불멸의,확정,불멸의,
e065,@초월 검은수염 장풍 더미1,A0A4,0장풍 계열 검수초월,Ucs1,시체폭발/죽음의사슬 피해,300000.0,160.0,Trig_Tichi_skill_2_tr_Actions,없음,[Trig_Tichi_skill_2_tr_Actions] (s__TrigVariables_Stage[GlobalTV]>0 AND s__TrigVariables_Stage[GlobalTV]<4),"Trig_Tichi_Attack_Actions[이벤트직결]: GetRandomInt(1,25)==12",확정,H090,마샬.D.티치 - 초월함,초월함,확정,초월함,
e066,@초월 검은수염지진,A13V,3범위 검수초 지진,Htc1,천둥소리 피해,400000.0,650.0,Trig_Tichi_skill_4_Actions / Trig_Tichi_skill_4_tr_Actions,없음,[Trig_Tichi_skill_4_Actions] (조건없음) | [Trig_Tichi_skill_4_tr_Actions] (s__TrigVariables_Stage[GlobalTV]==0),"Trig_Tichi_Attack_Actions[이벤트직결]: GetRandomInt(1,10)==5 AND GetRandomInt(1,udg_Tichi_TR_AddInt[GetConvertedPlayerId(GetOwningPlayer(GetAttacker()))])==3 | Trig_Tichi_Attack_Actions[이벤트직결]: GetRandomInt(1,10)==5 AND NOT(GetRandomInt(1,udg_Tichi_TR_AddInt[GetConvertedPlayerId(GetOwningPlayer(GetAttacker()))])==3)",확정,H090,마샬.D.티치 - 초월함,초월함,확정,초월함,
e06H,@초월 도플 할퀴기,A0PI,3범위 도플초월 오색실1,Htc1,천둥소리 피해,205000.0,525.0,Trig_DP_Attack_gaksung_Actions,없음,"[Trig_DP_Attack_gaksung_Actions] GetRandomInt(1,5)==2",Trig_DP_Attack_gaksung_Actions[이벤트직결]: (조건없음),"추정(진입 무조건 — 이벤트 직결, 로컬 조건만)",H09D,각성 도플라밍고 - 초월함,초월함,확정,초월함,
e06K,@초월 도플 거미줄,A0PI,3범위 도플초월 오색실1,Htc1,천둥소리 피해,205000.0,525.0,Trig_DP_Attack_Actions,없음,"[Trig_DP_Attack_Actions] GetRandomInt(1,7)==4",Trig_DP_Attack_Actions[이벤트직결]: (조건없음),"추정(진입 무조건 — 이벤트 직결, 로컬 조건만)",H09E,도플라밍고 - 초월함,초월함,확정,초월함,
e06R,@초월 도플 흉탄더미,A0AM,3범위 도플각성흉탄,Htc1,천둥소리 피해,150000.0,525.0,Trig_DP_Attack_gaksung_Actions,없음,[Trig_DP_Attack_gaksung_Actions] (조건없음),Trig_DP_Attack_gaksung_Actions[이벤트직결]: (조건없음),"추정(진입 무조건 — 이벤트 직결, 로컬 조건만)",H09D,각성 도플라밍고 - 초월함,초월함,확정,초월함,
e06U,@초월 브룩 오바드 꾸 드로와1,A0AN,0장풍 브룩 초월 오바드,Ucs1,시체폭발/죽음의사슬 피해,400000.0,175.0,Trig_Brook_Skill_1_Actions,없음,[Trig_Brook_Skill_1_Actions] s__TrigVariables_Stage[GlobalTV]==0 | [Trig_Brook_Skill_1_Actions] s__TrigVariables_Stage[GlobalTV]==1,"Trig_BrookAttack_Actions[이벤트직결]: GetRandomInt(1,7)==2",확정,H09I,브룩 - 초월함,초월함,확정,초월함,
e06X,@초월 브룩 오바드 꾸 드로와2,A0AN,0장풍 브룩 초월 오바드,Ucs1,시체폭발/죽음의사슬 피해,400000.0,175.0,Trig_Brook_Skill_1_Actions,없음,[Trig_Brook_Skill_1_Actions] s__TrigVariables_Stage[GlobalTV]==0 | [Trig_Brook_Skill_1_Actions] s__TrigVariables_Stage[GlobalTV]==1,"Trig_BrookAttack_Actions[이벤트직결]: GetRandomInt(1,7)==2",확정,H09I,브룩 - 초월함,초월함,확정,초월함,
e087,@초월 조로 360 더미,A0AV,0장풍 360번뇌봉,Ucs1,시체폭발/죽음의사슬 피해,280000.0,250.0,Trig_Zoro_enfor_flying_draong_Actions,없음,[Trig_Zoro_enfor_flying_draong_Actions] (s__TrigVariables_Stage[GlobalTV]==1) AND NOT((s__TrigVariables__get_integerA(GlobalTV)==2)),"Trig_Zoro_Attack_enma_Actions[이벤트직결]: GetRandomInt(1,6)==2",확정,H0BT,롤로노아 조로 - 초월함,초월함,확정,초월함,
e08E,E영원 미호크 먼지 더미0,A0B6,0장풍 미호크 영원1,Ucs1,시체폭발/죽음의사슬 피해,750000.0,333.0,Trig_Mihawk_2_Actions,없음,[Trig_Mihawk_2_Actions] (s__TrigVariables_Stage[GlobalTV]==50),"Trig_Mihawk_Attack_Actions[이벤트직결]: NOT(GetUnitStateSwap(UNIT_STATE_MANA,GetAttacker())==175.00)",확정,h058,|CFFFFFA78세계 최강의 대검호 쥬라클 미호크 - |,영원한,확정,영원한,
e08Q,E영원 미호크 먼지 더미1,A13X,0장풍 미호크 영원-강화,Ucs1,시체폭발/죽음의사슬 피해,750000.0,333.0,Trig_Hidden23_rokugu_Actions / Trig_Mihawk_2_Actions,없음,"[Trig_Hidden23_rokugu_Actions] GetRandomInt(1,14)==5 | [Trig_Hidden23_rokugu_Actions] GetUnitStateSwap(UNIT_STATE_MANA,GetAttacker())>=85.00 | [Trig_Mihawk_2_Actions] (s__TrigVariables_Stage[GlobalTV]==51)","Trig_Hidden23_rokugu_Actions[이벤트직결]: (조건없음) | Trig_Mihawk_Attack_Actions[이벤트직결]: NOT(GetUnitStateSwap(UNIT_STATE_MANA,GetAttacker())==175.00)",확정,h03N / h058,[히든조합]료쿠규'신'해군대장 / |CFFFFFA78세계 최강의 대검호 쥬라클 미호크 - |,영원한 / 히든,확정,영원한,
e09G,@초월 나미 아이템 추가번개,A0AY,2범위 나미초월 블리자드2,Hbz2,블리자드 파동당 피해,500000.0,500.0,Trig_Nami_Skill_2_Actions,없음,"[Trig_Nami_Skill_2_Actions] s__TrigVariables_Stage[GlobalTV]==1 AND UnitHasItem(s__TrigVariables__get_unitA(GlobalTV),udg_Item_nami[GetConvertedPlayerId(GetOwningPlayer(s__TrigVariables__get_unitA(GlobalTV)))])==true AND GetRandomInt(1,100)<33","Trig_Nami_Attack_Actions[이벤트직결]: GetRandomInt(1,9)==2",확정,H08V,나미 - 초월함,초월함,확정,초월함,
e09H,@초월 나미 웨더리아3-얼음,A0B0,2범위 나미초월 블리자드3,Hbz2,블리자드 파동당 피해,500000.0,500.0,Trig_Nami_Skill_4_Actions,없음,[Trig_Nami_Skill_4_Actions] s__TrigVariables_Stage[GlobalTV]==0,"Trig_Nami_Attack_Actions[이벤트직결]: UnitHasBuffBJ(GetAttacker(),'B012')==false",확정,H08V,나미 - 초월함,초월함,확정,초월함,
e09I,@초월 나미 웨더리아4-업화피닉스1,A0AZ,2범위 나미초월 블리자드4,Hbz2,블리자드 파동당 피해,500000.0,500.0,Trig_Nami_Skill_4_Actions,없음,[Trig_Nami_Skill_4_Actions] s__TrigVariables_Stage[GlobalTV]==0 AND udg_NamiT_Bool[GetConvertedPlayerId(GetOwningPlayer(s__TrigVariables__get_unitA(GlobalTV)))]==true,"Trig_Nami_Attack_Actions[이벤트직결]: UnitHasBuffBJ(GetAttacker(),'B012')==false",확정,H08V,나미 - 초월함,초월함,확정,초월함,
e09N,@초월 아오키지 아이스볼1,A0BR,0장풍 아오초 아이스볼,Ucs1,시체폭발/죽음의사슬 피해,500000.0,250.0,Trig_Aokigi_skill_2_Actions,없음,[Trig_Aokigi_skill_2_Actions] (s__TrigVariables_Stage[GlobalTV]==0),"Trig_Aokigi_Attack_Actions[이벤트직결]: GetRandomInt(1,25)==10",확정,H097 / H0B1,쿠잔 - 초월함 / 쿠잔초월함,초월함,확정,초월함,
e09O,@초월 아오키지 아이스 파르티잔1,A0BU,3범위 파르티잔 액티브,Htc1,천둥소리 피해,325000.0,450.0,Trig_Aokigi_skill_4_Actions,없음,[Trig_Aokigi_skill_4_Actions] (조건없음),"Trig_Aokigi_Attack_Actions[이벤트직결]: GetRandomInt(1,14)==9",확정,H097 / H0B1,쿠잔 - 초월함 / 쿠잔초월함,초월함,확정,초월함,
e09Q,@초월 로우 메스 1,A0OG,3범위 로우초월 카운터1,Htc1,천둥소리 피해,350000.0,485.0,Trig_Law_Skill_2_Actions,없음,[Trig_Law_Skill_2_Actions] (조건없음),"Trig_Law_Attack_Actions[이벤트직결]: GetRandomInt(1,8)==6 AND NOT(udg_Law_Bool[GetConvertedPlayerId(GetOwningPlayer(GetAttacker()))]==true) | Trig_Law_Attack_Actions[이벤트직결]: GetRandomInt(1,8)==6 AND udg_Law_Bool[GetConvertedPlayerId(GetOwningPlayer(GetAttacker()))]==true",확정,H096,트라팔가 로우- 초월함,초월함,확정,초월함,
e09R,@초월 키자루 레이저1,A0BV,0장풍 키자루초월 레이저,Ucs1,시체폭발/죽음의사슬 피해,500000.0,250.0,Trig_Kizaru_Attack_Actions,없음,"[Trig_Kizaru_Attack_Actions] GetRandomInt(1,10)==2",Trig_Kizaru_Attack_Actions[이벤트직결]: (조건없음),"추정(진입 무조건 — 이벤트 직결, 로컬 조건만)",H0B5,키자루 - 초월함,초월함,확정,초월함,
e0A1,%제한변화 에이스 불주먹3,A0C4,0장풍 에이스 불주먹-4변화1,Ucs1,시체폭발/죽음의사슬 피해,350000.0,240.0,Trig_Transpom_Ace_bulRemake_Actions,없음,[Trig_Transpom_Ace_bulRemake_Actions] s__TrigVariables_Stage[GlobalTV]==4,"Trig_Transpom3_Actions[이벤트직결]: GetRandomInt(1,10)==6",확정,h05V,포트거스.D.에이스 스페이드 해적단 선장 - 변화된,변화된,확정,제한됨,🔴 이름표기≠실제
e0BV,S특별함 에넬 더미,ANfl,포크 라이트닝 에넬 특별함,Ocl1,연쇄번개 피해,1500.0,,Trig_Speical8_Actions,없음,"[Trig_Speical8_Actions] GetRandomInt(1,10)==3",Trig_Speical8_Actions[이벤트직결]: (조건없음),"추정(진입 무조건 — 이벤트 직결, 로컬 조건만)",h00Q,갓 에넬 하늘섬의 가짜신 - 특별함,특별함,확정,특별함,
e0CZ,E영원 핸콕 슬레이브 애로우0,A0OK,0장풍 슬레이브 애로우,Ucs1,시체폭발/죽음의사슬 피해,400000.0,220.0,Trig_arrow_h2_Actions,없음,[Trig_arrow_h2_Actions] (s__TrigVariables_Stage[GlobalTV]==0),"Trig_Hancock_Attack_Actions[이벤트직결]: NOT(GetUnitStateSwap(UNIT_STATE_MANA,GetAttacker())==175.00) AND UnitHasBuffBJ(GetAttacker(),'B03M')==true",확정,h05C,|CFFFFFA78'아마존릴리의 여제'  보아 핸콕 - |,영원한,확정,영원한,
e0D6,%제한변화 에이스 불주먹4,A0C4,0장풍 에이스 불주먹-4변화1,Ucs1,시체폭발/죽음의사슬 피해,350000.0,240.0,Trig_Transpom_Ace_bulRemake_Actions,없음,[Trig_Transpom_Ace_bulRemake_Actions] s__TrigVariables_Stage[GlobalTV]<=3,"Trig_Transpom3_Actions[이벤트직결]: GetRandomInt(1,10)==6",확정,h05V,포트거스.D.에이스 스페이드 해적단 선장 - 변화된,변화된,확정,제한됨,🔴 이름표기≠실제
e0E8,#불멸 흰불 해일 1,A0OZ,0장풍 흰불 해일,Ucs1,시체폭발/죽음의사슬 피해,350000.0,225.0,Trig_Ed_Skill_2sc_Actions,없음,[Trig_Ed_Skill_2sc_Actions] (조건없음),"Trig_Ed_Attack_Actions[이벤트직결]: GetRandomInt(1,8)==5",확정,h04A,에드워드 뉴게이트 한시대를 주름잡던 대해적 - 불멸의,불멸의,확정,불멸의,
e0EB,@초월 키자루 팔척경곡옥1,A0P3,6장풍 팔척경,Ncs1,클러스터로켓 피해,270000.0,650.0,Trig_Bustercall_Etc2_Actions / Trig_Kizaru_Skill_mana_Actions,없음,[Trig_Bustercall_Etc2_Actions] (s__TrigVariables_Stage[GlobalTV]==1) | [Trig_Kizaru_Skill_mana_Actions] (s__TrigVariables_Stage[GlobalTV]==1),"Trig_Bustercall_Etc2_Actions[이벤트직결]: (조건없음) | Trig_Kizaru_Attack_Actions[이벤트직결]: GetRandomInt(1,17)==3 AND GetUnitStateSwap(UNIT_STATE_MANA,GetAttacker())>75.00",확정,H0B5,키자루 - 초월함,초월함,확정,초월함,
e0EF,H히든 미호크 더미,A0B5,0장풍 미호크 히든,Ucs1,시체폭발/죽음의사슬 피해,200000.0,260.0,Trig_Hidden20_Actions,없음,"[Trig_Hidden20_Actions] GetRandomInt(1,10)==3",Trig_Hidden20_Actions[이벤트직결]: (조건없음),"추정(진입 무조건 — 이벤트 직결, 로컬 조건만)",h043,[히든조합]쥬라클 미호크매의 눈,히든,확정,히든,
e0EK,%제한됨변화 도플 둔화2,A078,3범위 도변 둔화,Htc1,천둥소리 피해,100000.0,375.0,Trig_DP_Skill_2_Actions / Trig_Transpom_dp_Actions,없음,"[Trig_DP_Skill_2_Actions] (GetBooleanAnd(Trig_DP_Skill_2_Func003Func004001(),Trig_DP_Skill_2_Func003Func004002())) | [Trig_DP_Skill_2_Actions] (s__TrigVariables_Stage[GlobalTV]==0) | [Trig_DP_Skill_2_Actions] s__TrigVariables_Stage[GlobalTV]==3 | [Trig_Transpom_dp_Actions] (GetBooleanAnd(Trig_Transpom_dp_Func003Func004001(),Trig_Transpom_dp_Func003Func004002())) | [Trig_Transpom_dp_Actions] (s__TrigVariables_Stage[GlobalTV]==0) | [Trig_Transpom_dp_Actions] s__TrigVariables_Stage[GlobalTV]==3","Trig_DP_Attack_Actions[이벤트직결]: GetRandomInt(1,10)==6 | Trig_DP_Attack_gaksung_Actions[이벤트직결]: GetRandomInt(1,9)==6 | Trig_Transpom2_Actions[이벤트직결]: GetRandomInt(1,10)==6",확정,H09D / H09E / h05S,각성 도플라밍고 - 초월함 / 도플라밍고 - 초월함 / 돈키호테 도플라밍고 하늘귀신 - 변화된,변화된 / 초월함,확정,제한됨,🔴 이름표기≠실제
e0EQ,%제한됨변화 레베카 더미13,A0QY,3범위 레베카제한 기본둔화,Htc1,천둥소리 피해,50000.0,460.0,Trig_Rebeca_Skill_1_Actions,없음,[Trig_Rebeca_Skill_1_Actions] (조건없음),"Trig_RebecaAttack_Actions[이벤트직결]: GetRandomInt(1,10)==6 | Trig_RebecaAttack_Actions[이벤트직결]: GetUnitPointValue(GetTriggerUnit())==200 AND GetRandomInt(1,5)==4 | Trig_RebecaAttack_Actions[이벤트직결]: UnitHasBuffBJ(GetTriggerUnit(),'B06B')==true AND GetRandomInt(1,5)==4",확정,h05I,레베카 콜로세움 전설의  후예 - 제한됨,제한됨,확정,제한됨,
e0EZ,%제한됨변화 레베카 더미5,A0QX,3범위 레베카 궤적 둔화,Htc1,천둥소리 피해,100000.0,850.0,Trig_Rebeca_Skill_3_Actions,없음,[Trig_Rebeca_Skill_3_Actions] s__TrigVariables_Stage[GlobalTV]==0,"Trig_RebecaAttack_Actions[이벤트직결]: GetRandomInt(1,12)==6",확정,h05I,레베카 콜로세움 전설의  후예 - 제한됨,제한됨,확정,제한됨,
e0F0,%제한됨변화 레베카 더미1,A0QY,3범위 레베카제한 기본둔화,Htc1,천둥소리 피해,50000.0,460.0,Trig_Rebeca_Skill_1_Actions,없음,[Trig_Rebeca_Skill_1_Actions] (조건없음),"Trig_RebecaAttack_Actions[이벤트직결]: GetRandomInt(1,10)==6 | Trig_RebecaAttack_Actions[이벤트직결]: GetUnitPointValue(GetTriggerUnit())==200 AND GetRandomInt(1,5)==4 | Trig_RebecaAttack_Actions[이벤트직결]: UnitHasBuffBJ(GetTriggerUnit(),'B06B')==true AND GetRandomInt(1,5)==4",확정,h05I,레베카 콜로세움 전설의  후예 - 제한됨,제한됨,확정,제한됨,
e0F1,%제한됨변화 레베카 더미12,A0QY,3범위 레베카제한 기본둔화,Htc1,천둥소리 피해,50000.0,460.0,Trig_Rebeca_Skill_1_Actions,없음,[Trig_Rebeca_Skill_1_Actions] (조건없음),"Trig_RebecaAttack_Actions[이벤트직결]: GetRandomInt(1,10)==6 | Trig_RebecaAttack_Actions[이벤트직결]: GetUnitPointValue(GetTriggerUnit())==200 AND GetRandomInt(1,5)==4 | Trig_RebecaAttack_Actions[이벤트직결]: UnitHasBuffBJ(GetTriggerUnit(),'B06B')==true AND GetRandomInt(1,5)==4",확정,h05I,레베카 콜로세움 전설의  후예 - 제한됨,제한됨,확정,제한됨,
e0F4,%제한됨변화더미 루치 더미 31,A0R6,0장풍 루치초월 람각개조,Ucs1,시체폭발/죽음의사슬 피해,600000.0,225.0,Trig_Luchi_Skill_1_Kick_Actions,없음,[Trig_Luchi_Skill_1_Kick_Actions] s__TrigVariables_Stage[GlobalTV]==1,"Trig_Luchi_Attack_Actions[이벤트직결]: GetRandomReal(1.00,100.00)<=(7.25+(0.01*(I2R(udg_Load_PlayCount[GetConvertedPlayerId(GetOwningPlayer(GetAttacker()))])/ 250.00))) AND NOT(udg_bool_lucchi_tr[GetConvertedPlayerId(GetOwningPlayer(GetAttacker()))]==true) | Trig_Luchi_Attack_Actions[이벤트직결]: GetRandomReal(1.00,100.00)<=(7.25+(0.01*(I2R(udg_Load_PlayCount[GetConvertedPlayerId(GetOwningPlayer(GetAttacker()))])/ 250.00))) AND udg_bool_lucchi_tr[GetConvertedPlayerId(GetOwningPlayer(GetAttacker()))]==true",확정,H08W,로브 루치 - 초월함,초월함,확정,제한됨,🔴 이름표기≠실제
e0F5,%제한됨변화더미 루치 육왕권 더미 1,A0R6,0장풍 루치초월 람각개조,Ucs1,시체폭발/죽음의사슬 피해,600000.0,225.0,Trig_carrot_skill_2_Actions,없음,[Trig_carrot_skill_2_Actions] s__TrigVariables_Stage[GlobalTV]==1,"Trig_carrotattack_Actions[이벤트직결]: GetRandomInt(1,9)==4",확정,h07J,캐럿 스론 달의 사자 - 변화된,변화된,확정,제한됨,🔴 이름표기≠실제
e0F6,%제한됨변화더미 루치 육왕권 더미 2,A0R6,0장풍 루치초월 람각개조,Ucs1,시체폭발/죽음의사슬 피해,600000.0,225.0,Trig_carrot_skill_2_Actions,없음,[Trig_carrot_skill_2_Actions] s__TrigVariables_Stage[GlobalTV]==2,"Trig_carrotattack_Actions[이벤트직결]: GetRandomInt(1,9)==4",확정,h07J,캐럿 스론 달의 사자 - 변화된,변화된,확정,제한됨,🔴 이름표기≠실제
e0F8,%제한됨변화더미 루치 육왕권 더미 4,A0R6,0장풍 루치초월 람각개조,Ucs1,시체폭발/죽음의사슬 피해,600000.0,225.0,Trig_carrot_skill_2_Actions,없음,[Trig_carrot_skill_2_Actions] s__TrigVariables_Stage[GlobalTV]==2,"Trig_carrotattack_Actions[이벤트직결]: GetRandomInt(1,9)==4",확정,h07J,캐럿 스론 달의 사자 - 변화된,변화된,확정,제한됨,🔴 이름표기≠실제
e0FF,%제한됨변화더미 루치 더미 4,A0R6,0장풍 루치초월 람각개조,Ucs1,시체폭발/죽음의사슬 피해,600000.0,225.0,Trig_Luchi_Skill_1_Kick_Actions,없음,[Trig_Luchi_Skill_1_Kick_Actions] s__TrigVariables_Stage[GlobalTV]==1,"Trig_Luchi_Attack_Actions[이벤트직결]: GetRandomReal(1.00,100.00)<=(7.25+(0.01*(I2R(udg_Load_PlayCount[GetConvertedPlayerId(GetOwningPlayer(GetAttacker()))])/ 250.00))) AND NOT(udg_bool_lucchi_tr[GetConvertedPlayerId(GetOwningPlayer(GetAttacker()))]==true) | Trig_Luchi_Attack_Actions[이벤트직결]: GetRandomReal(1.00,100.00)<=(7.25+(0.01*(I2R(udg_Load_PlayCount[GetConvertedPlayerId(GetOwningPlayer(GetAttacker()))])/ 250.00))) AND udg_bool_lucchi_tr[GetConvertedPlayerId(GetOwningPlayer(GetAttacker()))]==true",확정,H08W,로브 루치 - 초월함,초월함,확정,제한됨,🔴 이름표기≠실제
e0FR,E영원 핸콕 슬레이브 애로우2,A0OK,0장풍 슬레이브 애로우,Ucs1,시체폭발/죽음의사슬 피해,400000.0,220.0,Trig_arrow_h2_Actions,없음,[Trig_arrow_h2_Actions] (s__TrigVariables_Stage[GlobalTV]==0),"Trig_Hancock_Attack_Actions[이벤트직결]: NOT(GetUnitStateSwap(UNIT_STATE_MANA,GetAttacker())==175.00) AND UnitHasBuffBJ(GetAttacker(),'B03M')==true",확정,h05C,|CFFFFFA78'아마존릴리의 여제'  보아 핸콕 - |,영원한,확정,영원한,
e0FS,E영원 핸콕 슬레이브 애로우-바람,A0OK,0장풍 슬레이브 애로우,Ucs1,시체폭발/죽음의사슬 피해,400000.0,220.0,Trig_arrow_h2_Actions,없음,[Trig_arrow_h2_Actions] NOT((s__TrigVariables_Stage[GlobalTV]==0)) AND (s__TrigVariables_Stage[GlobalTV]>0 AND s__TrigVariables_Stage[GlobalTV]<4),"Trig_Hancock_Attack_Actions[이벤트직결]: NOT(GetUnitStateSwap(UNIT_STATE_MANA,GetAttacker())==175.00) AND UnitHasBuffBJ(GetAttacker(),'B03M')==true",확정,h05C,|CFFFFFA78'아마존릴리의 여제'  보아 핸콕 - |,영원한,확정,영원한,
e0FT,E영원 핸콕 슬레이브 애로우3,A0OK,0장풍 슬레이브 애로우,Ucs1,시체폭발/죽음의사슬 피해,400000.0,220.0,Trig_arrow_h2_Actions,없음,[Trig_arrow_h2_Actions] NOT((s__TrigVariables_Stage[GlobalTV]==0)) AND NOT((s__TrigVariables_Stage[GlobalTV]>0 AND s__TrigVariables_Stage[GlobalTV]<4)),"Trig_Hancock_Attack_Actions[이벤트직결]: NOT(GetUnitStateSwap(UNIT_STATE_MANA,GetAttacker())==175.00) AND UnitHasBuffBJ(GetAttacker(),'B03M')==true",확정,h05C,|CFFFFFA78'아마존릴리의 여제'  보아 핸콕 - |,영원한,확정,영원한,
e0FU,E영원 핸콕 슬레이브 애로우1,A0OK,0장풍 슬레이브 애로우,Ucs1,시체폭발/죽음의사슬 피해,400000.0,220.0,Trig_arrow_h2_Actions,없음,[Trig_arrow_h2_Actions] (s__TrigVariables_Stage[GlobalTV]==0),"Trig_Hancock_Attack_Actions[이벤트직결]: NOT(GetUnitStateSwap(UNIT_STATE_MANA,GetAttacker())==175.00) AND UnitHasBuffBJ(GetAttacker(),'B03M')==true",확정,h05C,|CFFFFFA78'아마존릴리의 여제'  보아 핸콕 - |,영원한,확정,영원한,
e0FV,E영원 핸콕 슬레이브 애로우-머즐,A0OK,0장풍 슬레이브 애로우,Ucs1,시체폭발/죽음의사슬 피해,400000.0,220.0,Trig_arrow_h2_Actions,없음,[Trig_arrow_h2_Actions] (s__TrigVariables_Stage[GlobalTV]==0),"Trig_Hancock_Attack_Actions[이벤트직결]: NOT(GetUnitStateSwap(UNIT_STATE_MANA,GetAttacker())==175.00) AND UnitHasBuffBJ(GetAttacker(),'B03M')==true",확정,h05C,|CFFFFFA78'아마존릴리의 여제'  보아 핸콕 - |,영원한,확정,영원한,
e0GH,#불멸 Z 차지 블래스터 시작,A0S6,0장풍 제트 차지블래스터,Ucs1,시체폭발/죽음의사슬 피해,1000000.0,180.0,Trig_Z_skill_3_Actions,없음,"[Trig_Z_skill_3_Actions] (s__TrigVariables_Stage[GlobalTV]>=2 AND s__TrigVariables_Stage[GlobalTV]<6) AND (ModuloInteger(s__TrigVariables_Stage[GlobalTV],2)==0)","Trig_Z_Attack_Actions[이벤트직결]: GetRandomInt(1,16)==7",확정,h04G,"제트 해군 스승 ""Z"" - 불멸의",불멸의,확정,불멸의,
e0GK,#불멸 Z 차지 블래스터 시작,A0S6,0장풍 제트 차지블래스터,Ucs1,시체폭발/죽음의사슬 피해,1000000.0,180.0,Trig_Z_skill_3_Actions,없음,[Trig_Z_skill_3_Actions] (s__TrigVariables_Stage[GlobalTV]==1),"Trig_Z_Attack_Actions[이벤트직결]: GetRandomInt(1,16)==7",확정,h04G,"제트 해군 스승 ""Z"" - 불멸의",불멸의,확정,불멸의,
e0GN,@초월 로우 라디오3,A0OG,3범위 로우초월 카운터1,Htc1,천둥소리 피해,350000.0,485.0,Trig_Law_skill_5_Actions,없음,[Trig_Law_skill_5_Actions] (s__TrigVariables_Stage[GlobalTV]>0 AND s__TrigVariables_Stage[GlobalTV]<3),"Trig_Law_Attack_Actions[이벤트직결]: GetRandomInt(1,20)==6",확정,H096,트라팔가 로우- 초월함,초월함,확정,초월함,
e0GO,@초월 로우 라디오2,A0OG,3범위 로우초월 카운터1,Htc1,천둥소리 피해,350000.0,485.0,Trig_Law_skill_5_Actions,없음,[Trig_Law_skill_5_Actions] (s__TrigVariables_Stage[GlobalTV]>2 AND s__TrigVariables_Stage[GlobalTV]<5),"Trig_Law_Attack_Actions[이벤트직결]: GetRandomInt(1,20)==6",확정,H096,트라팔가 로우- 초월함,초월함,확정,초월함,
e0GP,@초월 로우 라디오1,A0OG,3범위 로우초월 카운터1,Htc1,천둥소리 피해,350000.0,485.0,Trig_Law_skill_5_Actions,없음,[Trig_Law_skill_5_Actions] (s__TrigVariables_Stage[GlobalTV]==6),"Trig_Law_Attack_Actions[이벤트직결]: GetRandomInt(1,20)==6",확정,H096,트라팔가 로우- 초월함,초월함,확정,초월함,
e0HF,@초월 아오키지 아이스 파르티잔,A0BU,3범위 파르티잔 액티브,Htc1,천둥소리 피해,325000.0,450.0,Trig_Aokigi_skill_4_Actions,없음,[Trig_Aokigi_skill_4_Actions] (조건없음),"Trig_Aokigi_Attack_Actions[이벤트직결]: GetRandomInt(1,14)==9",확정,H097 / H0B1,쿠잔 - 초월함 / 쿠잔초월함,초월함,확정,초월함,
e0IN,%제한됨변화 도플 둔화1,A078,3범위 도변 둔화,Htc1,천둥소리 피해,100000.0,375.0,Trig_DP_Skill_2_Actions / Trig_Transpom_dp_Actions,없음,[Trig_DP_Skill_2_Actions] (s__TrigVariables_Stage[GlobalTV]==0) | [Trig_Transpom_dp_Actions] (s__TrigVariables_Stage[GlobalTV]==0),"Trig_DP_Attack_Actions[이벤트직결]: GetRandomInt(1,10)==6 | Trig_DP_Attack_gaksung_Actions[이벤트직결]: GetRandomInt(1,9)==6 | Trig_Transpom2_Actions[이벤트직결]: GetRandomInt(1,10)==6",확정,H09D / H09E / h05S,각성 도플라밍고 - 초월함 / 도플라밍고 - 초월함 / 돈키호테 도플라밍고 하늘귀신 - 변화된,변화된 / 초월함,확정,제한됨,🔴 이름표기≠실제
e0IW,@초월 도플 새장,A0AM,3범위 도플각성흉탄,Htc1,천둥소리 피해,150000.0,525.0,Trig_DP_Attack_gaksung_Actions,없음,"[Trig_DP_Attack_gaksung_Actions] GetRandomInt(1,5)==2",Trig_DP_Attack_gaksung_Actions[이벤트직결]: (조건없음),"추정(진입 무조건 — 이벤트 직결, 로컬 조건만)",H09D,각성 도플라밍고 - 초월함,초월함,확정,초월함,
e0IZ,@초월 나미 웨더리아5-리메이크,A0AZ,2범위 나미초월 블리자드4,Hbz2,블리자드 파동당 피해,500000.0,500.0,Trig_Nami_Skill_4_Actions,없음,[Trig_Nami_Skill_4_Actions] s__TrigVariables_Stage[GlobalTV]==0 | [Trig_Nami_Skill_4_Actions] s__TrigVariables_Stage[GlobalTV]==1,"Trig_Nami_Attack_Actions[이벤트직결]: UnitHasBuffBJ(GetAttacker(),'B012')==false",확정,H08V,나미 - 초월함,초월함,확정,초월함,
e0KH,@초월 징베 더미1,A0WZ,3범위 징베 해류,Htc1,천둥소리 피해,500000.0,625.0,Trig_Jimbe_Actions,없음,[Trig_Jimbe_Actions] NOT((s__TrigVariables_Stage[GlobalTV]==0)) AND (s__TrigVariables_Stage[GlobalTV]==1),"Trig_jinbe_Attack_Actions[이벤트직결]: GetRandomInt(1,16)==2 | Trig_jinbe_Attack_Actions[이벤트직결]: GetRandomInt(1,7)==2 | Trig_jinbe_Attack_Actions[이벤트직결]: GetUnitStateSwap(UNIT_STATE_MANA,GetAttacker())==115.00",확정,H09A,징베  - 초월함,초월함,확정,초월함,
e0ML,@초월 아오키지 아이스볼3,A0BR,0장풍 아오초 아이스볼,Ucs1,시체폭발/죽음의사슬 피해,500000.0,250.0,Trig_Aokigi_skill_2_Actions,없음,[Trig_Aokigi_skill_2_Actions] (s__TrigVariables_Stage[GlobalTV]>0 AND s__TrigVariables_Stage[GlobalTV]<6),"Trig_Aokigi_Attack_Actions[이벤트직결]: GetRandomInt(1,25)==10",확정,H097 / H0B1,쿠잔 - 초월함 / 쿠잔초월함,초월함,확정,초월함,
e0MT,!이치고 월아1,A093,0장풍 검은 월아천충,Ucs1,시체폭발/죽음의사슬 피해,450000.0,250.0,Trig_ichigo2_Actions,없음,[Trig_ichigo2_Actions] (s__TrigVariables_Stage[GlobalTV]==0) | [Trig_ichigo2_Actions] (s__TrigVariables_Stage[GlobalTV]==1),"Trig_ichigo1_Actions[이벤트직결]: GetRandomInt(1,22)==3",확정,h071,쿠로사키 이치고 - 랜덤전용,랜덤전용,확정,,
e0MW,@초월 키드 더미3,A10Z,0장풍 키드초월 리펠1,Ucs1,시체폭발/죽음의사슬 피해,300000.0,225.0,Trig_Kid_Skill_3_Actions / Trig_Kid_Skill_3_item_Actions,없음,[Trig_Kid_Skill_3_Actions] (s__TrigVariables_Stage[GlobalTV]==0) | [Trig_Kid_Skill_3_item_Actions] (s__TrigVariables_Stage[GlobalTV]==1),"Trig_Kid_Attack_Actions[이벤트직결]: GetRandomInt(1,10)==2 AND NOT(UnitHasItem(GetAttacker(),udg_item_kid_mot[GetConvertedPlayerId(GetOwningPlayer(GetAttacker()))])==true) | Trig_Kid_Attack_Actions[이벤트직결]: GetRandomInt(1,10)==2 AND UnitHasItem(GetAttacker(),udg_item_kid_mot[GetConvertedPlayerId(GetOwningPlayer(GetAttacker()))])==true",확정,H0B4,키드 - 초월함,초월함,확정,초월함,
e0MY,@초월 키드 더미2,A17P,0장풍 키드초월 댐드펑크,Ucs1,시체폭발/죽음의사슬 피해,600000.0,225.0,Trig_Kid_Skill_3_Actions / Trig_Kid_Skill_3_item_Actions,없음,[Trig_Kid_Skill_3_Actions] (s__TrigVariables_Stage[GlobalTV]==0) | [Trig_Kid_Skill_3_item_Actions] (s__TrigVariables_Stage[GlobalTV]==1),"Trig_Kid_Attack_Actions[이벤트직결]: GetRandomInt(1,10)==2 AND NOT(UnitHasItem(GetAttacker(),udg_item_kid_mot[GetConvertedPlayerId(GetOwningPlayer(GetAttacker()))])==true) | Trig_Kid_Attack_Actions[이벤트직결]: GetRandomInt(1,10)==2 AND UnitHasItem(GetAttacker(),udg_item_kid_mot[GetConvertedPlayerId(GetOwningPlayer(GetAttacker()))])==true",확정,H0B4,키드 - 초월함,초월함,확정,초월함,
e0NM,@초월 키드 더미01,A10Z,0장풍 키드초월 리펠1,Ucs1,시체폭발/죽음의사슬 피해,300000.0,225.0,Trig_Kid_Skill_3_Actions / Trig_Kid_Skill_3_item_Actions,없음,[Trig_Kid_Skill_3_Actions] (s__TrigVariables_Stage[GlobalTV]==0) | [Trig_Kid_Skill_3_Actions] (s__TrigVariables_Stage[GlobalTV]==1) | [Trig_Kid_Skill_3_Actions] (s__TrigVariables_Stage[GlobalTV]==2) | [Trig_Kid_Skill_3_item_Actions] (s__TrigVariables_Stage[GlobalTV]==1) | [Trig_Kid_Skill_3_item_Actions] (s__TrigVariables_Stage[GlobalTV]==2) | [Trig_Kid_Skill_3_item_Actions] (s__TrigVariables_Stage[GlobalTV]==2) AND (s__TrigVariables__get_integerA(GlobalTV)==2),"Trig_Kid_Attack_Actions[이벤트직결]: GetRandomInt(1,10)==2 AND NOT(UnitHasItem(GetAttacker(),udg_item_kid_mot[GetConvertedPlayerId(GetOwningPlayer(GetAttacker()))])==true) | Trig_Kid_Attack_Actions[이벤트직결]: GetRandomInt(1,10)==2 AND UnitHasItem(GetAttacker(),udg_item_kid_mot[GetConvertedPlayerId(GetOwningPlayer(GetAttacker()))])==true",확정,H0B4,키드 - 초월함,초월함,확정,초월함,
e0NQ,@초월 로우 카운터 더미,A0OG,3범위 로우초월 카운터1,Htc1,천둥소리 피해,350000.0,485.0,Trig_Kid_Skill_3_item_Actions / Trig_Law_Skill_2_reinforce_Actions,없음,[Trig_Kid_Skill_3_item_Actions] (s__TrigVariables_Stage[GlobalTV]==2) AND NOT((s__TrigVariables__get_integerA(GlobalTV)==2)) | [Trig_Law_Skill_2_reinforce_Actions] (조건없음),"Trig_Kid_Attack_Actions[이벤트직결]: GetRandomInt(1,10)==2 AND UnitHasItem(GetAttacker(),udg_item_kid_mot[GetConvertedPlayerId(GetOwningPlayer(GetAttacker()))])==true | Trig_Law_Attack_Actions[이벤트직결]: GetRandomInt(1,8)==6 AND udg_Law_Bool[GetConvertedPlayerId(GetOwningPlayer(GetAttacker()))]==true",확정,H096 / H0B4,트라팔가 로우- 초월함 / 키드 - 초월함,초월함,확정,초월함,
e0OG,H히든 미호크 더미1,A0B5,0장풍 미호크 히든,Ucs1,시체폭발/죽음의사슬 피해,200000.0,260.0,Trig_Hidden20_Actions,없음,"[Trig_Hidden20_Actions] GetRandomInt(1,8)==3",Trig_Hidden20_Actions[이벤트직결]: (조건없음),"추정(진입 무조건 — 이벤트 직결, 로컬 조건만)",h043,[히든조합]쥬라클 미호크매의 눈,히든,확정,히든,
e0PH,@초월 검은수염지진2,A0Q6,3범위 검수초 지진-강진,Htc1,천둥소리 피해,400000.0,700.0,Trig_Tichi_skill_4_Actions / Trig_Tichi_skill_4_tr_Actions,없음,[Trig_Tichi_skill_4_Actions] (조건없음) | [Trig_Tichi_skill_4_tr_Actions] (s__TrigVariables_Stage[GlobalTV]==0),"Trig_Tichi_Attack_Actions[이벤트직결]: GetRandomInt(1,10)==5 AND GetRandomInt(1,udg_Tichi_TR_AddInt[GetConvertedPlayerId(GetOwningPlayer(GetAttacker()))])==3 | Trig_Tichi_Attack_Actions[이벤트직결]: GetRandomInt(1,10)==5 AND NOT(GetRandomInt(1,udg_Tichi_TR_AddInt[GetConvertedPlayerId(GetOwningPlayer(GetAttacker()))])==3)",확정,H090,마샬.D.티치 - 초월함,초월함,확정,초월함,
e0PL,@초월 검은수염 장풍 더미,A0A4,0장풍 계열 검수초월,Ucs1,시체폭발/죽음의사슬 피해,300000.0,160.0,Trig_Tichi_skill_2_tr_Actions,없음,[Trig_Tichi_skill_2_tr_Actions] (s__TrigVariables_Stage[GlobalTV]==0),"Trig_Tichi_Attack_Actions[이벤트직결]: GetRandomInt(1,25)==12",확정,H090,마샬.D.티치 - 초월함,초월함,확정,초월함,
e0PP,E영원 미호크 먼지 더미4,A0B6,0장풍 미호크 영원1,Ucs1,시체폭발/죽음의사슬 피해,750000.0,333.0,Trig_Mihawk_4_Actions,없음,[Trig_Mihawk_4_Actions] (s__TrigVariables_Stage[GlobalTV]==5),"Trig_Mihawk_Attack_Actions[이벤트직결]: GetRandomInt(1,7)==1",확정,h058,|CFFFFFA78세계 최강의 대검호 쥬라클 미호크 - |,영원한,확정,영원한,
e0PQ,E영원 미호크 먼지 더미2,A0B6,0장풍 미호크 영원1,Ucs1,시체폭발/죽음의사슬 피해,750000.0,333.0,Trig_Mihawk_4_Actions,없음,[Trig_Mihawk_4_Actions] (s__TrigVariables_Stage[GlobalTV]>0 AND s__TrigVariables_Stage[GlobalTV]<5) | [Trig_Mihawk_4_Actions] (s__TrigVariables_Stage[GlobalTV]>0 AND s__TrigVariables_Stage[GlobalTV]<5) AND (s__TrigVariables_Stage[GlobalTV]==3),"Trig_Mihawk_Attack_Actions[이벤트직결]: GetRandomInt(1,7)==1",확정,h058,|CFFFFFA78세계 최강의 대검호 쥬라클 미호크 - |,영원한,확정,영원한,
e0PR,E영원 미호크 먼지 더미3,A0B6,0장풍 미호크 영원1,Ucs1,시체폭발/죽음의사슬 피해,750000.0,333.0,Trig_Mihawk_4_Actions,없음,[Trig_Mihawk_4_Actions] (s__TrigVariables_Stage[GlobalTV]==5),"Trig_Mihawk_Attack_Actions[이벤트직결]: GetRandomInt(1,7)==1",확정,h058,|CFFFFFA78세계 최강의 대검호 쥬라클 미호크 - |,영원한,확정,영원한,
e0QL,@초월 로쿠규 나무1,A0PI,3범위 도플초월 오색실1,Htc1,천둥소리 피해,205000.0,525.0,Trig_RokuguTree_Attack_Actions / Trig_Rokugu_Attack_Actions,없음,"[Trig_RokuguTree_Attack_Actions] GetRandomInt(1,12)==2 | [Trig_Rokugu_Attack_Actions] GetRandomInt(1,25)==2",Trig_RokuguTree_Attack_Actions[이벤트직결]: (조건없음) | Trig_Rokugu_Attack_Actions[이벤트직결]: (조건없음),"추정(진입 무조건 — 이벤트 직결, 로컬 조건만)",H0BL / H0BO,아라마키- 초월함 / 아라마키- 초월함,초월함,확정,초월함,
e0QN,@초월 로쿠규 거대나무1,A160,3범위 료쿠규 초월 둔화,Htc1,천둥소리 피해,200000.0,500.0,Trig_Rokugu_skill_1_Actions,없음,[Trig_Rokugu_skill_1_Actions] s__TrigVariables_Stage[GlobalTV]==0,"Trig_RokuguTree_Attack_Actions[이벤트직결]: GetRandomInt(1,7)==2 | Trig_Rokugu_Attack_Actions[이벤트직결]: GetRandomInt(1,7)==2",확정,H0BL / H0BO,아라마키- 초월함 / 아라마키- 초월함,초월함,확정,초월함,
e0QQ,마나 115 필요,A16S,!초록소 공증,Nbr1,화염숨결 피해,4000.0,1.0,Trig_Rokugu_Attack_Actions,없음,"[Trig_Rokugu_Attack_Actions] GetUnitStateSwap(UNIT_STATE_MANA,GetAttacker())>=115.00",Trig_Rokugu_Attack_Actions[이벤트직결]: (조건없음),"추정(진입 무조건 — 이벤트 직결, 로컬 조건만)",H0BL,아라마키- 초월함,초월함,확정,,
e0RR,@초월 로우룸-베기,A09H,!4범위 로우 룸,Nbr1,화염숨결 피해,30000.0,1.0,Trig_Law_Attack_Actions,없음,"[Trig_Law_Attack_Actions] UnitHasBuffBJ(GetAttacker(),'B03Z')==true AND GetUnitStateSwap(UNIT_STATE_LIFE,GetAttacker())>=250.00",Trig_Law_Attack_Actions[이벤트직결]: (조건없음),"추정(진입 무조건 — 이벤트 직결, 로컬 조건만)",H096,트라팔가 로우- 초월함,초월함,확정,초월함,
h05J,실버즈 레일리 명왕 - 불멸의소환됨,A149,!명왕의 검술,Hbh3,배시 추가피해,102500.0,,Trig_LaillySkill_Actions,없음,"[Trig_LaillySkill_Actions] GetRandomInt(1,17)==4",Trig_LaillySkill_Actions[이벤트직결]: (조건없음),"추정(진입 무조건 — 이벤트 직결, 로컬 조건만)",h049,실버즈 레일리 명왕 - 불멸의,불멸의,확정,,
h0BH,부유물2불멸의,A13R,!부유물-돌2,Hbh3,배시 추가피해,30000.0,,Trig_Shiki_Attack_Actions,없음,"[Trig_Shiki_Attack_Actions] GetRandomInt(1,16)==3",Trig_Shiki_Attack_Actions[이벤트직결]: (조건없음),"추정(진입 무조건 — 이벤트 직결, 로컬 조건만)",h04B,금사자 시키 천신 - 불멸의,불멸의,확정,,
h0BH,부유물2불멸의,A13P,!부유물-돌31,Hbh3,배시 추가피해,30000.0,,Trig_Shiki_Attack_Actions,없음,"[Trig_Shiki_Attack_Actions] GetRandomInt(1,16)==3",Trig_Shiki_Attack_Actions[이벤트직결]: (조건없음),"추정(진입 무조건 — 이벤트 직결, 로컬 조건만)",h04B,금사자 시키 천신 - 불멸의,불멸의,확정,,
