출처표,유닛ID,유닛이름,스킬트리거,RRD순번,옛계산식,옛basis,옛multiplier,옛bonus,rand_min,rand_max,rand_mean,판정,비고
ORIGINAL_UNLISTED_SKILL_EFFECTS.csv,H08X,해군 대장 '성난 보라호랑이',Huji01,2,GetEventDamage(),ReceivedDamage,1,0,0.8,0.8,0.8,확정,"최종피해 = 계산식 x GetRandomReal(min,max). multiplier/bonus는 계산식 안쪽 값이라 그대로 두고, 바깥에 난수배율을 곱해야 한다"
ORIGINAL_UNLISTED_SKILL_EFFECTS.csv,H08X,해군 대장 '성난 보라호랑이',Huji_03,1,6250000.00,Flat,,6250000,1,1.5,1.25,확정,"최종피해 = 계산식 x GetRandomReal(min,max). multiplier/bonus는 계산식 안쪽 값이라 그대로 두고, 바깥에 난수배율을 곱해야 한다"
ORIGINAL_UNLISTED_SKILL_EFFECTS.csv,H08Y,무적의 아이언 파이러츠,Franky_misiile_re,1,180000.00,Flat,,180000,1,1.5,1.25,확정,"최종피해 = 계산식 x GetRandomReal(min,max). multiplier/bonus는 계산식 안쪽 값이라 그대로 두고, 바깥에 난수배율을 곱해야 한다"
ORIGINAL_UNLISTED_SKILL_EFFECTS.csv,H092,혁명군 참모총장,Sabo_Mana,1,3750000.00,Flat,,3750000,1,2,1.5,확정,"최종피해 = 계산식 x GetRandomReal(min,max). multiplier/bonus는 계산식 안쪽 값이라 그대로 두고, 바깥에 난수배율을 곱해야 한다"
ORIGINAL_UNLISTED_SKILL_EFFECTS.csv,H094,운명을 점치는 마술사,Hokins_mana,1,(1350000.00+(190000.00*s__TrigVariables__get_realB(GlobalTV))),[축밖],,,1,1.5,1.25,축밖,"최종피해 = 계산식 x GetRandomReal(min,max). multiplier/bonus는 계산식 안쪽 값이라 그대로 두고, 바깥에 난수배율을 곱해야 한다"
ORIGINAL_UNLISTED_SKILL_EFFECTS.csv,H095,신 해군원수 ,Akainu_02,1,(7250000.00+(s__TrigVariables__get_realD(GlobalTV)*10.00)),[축밖],,,1,2.5,1.75,축밖,"최종피해 = 계산식 x GetRandomReal(min,max). multiplier/bonus는 계산식 안쪽 값이라 그대로 두고, 바깥에 난수배율을 곱해야 한다"
ORIGINAL_UNLISTED_SKILL_EFFECTS.csv,H09F,수라의 검사,Zoro_Samchun2,1,(1500000.00+s__TrigVariables__get_realD(GlobalTV)),[축밖],,,1,1.5,1.25,축밖,"최종피해 = 계산식 x GetRandomReal(min,max). multiplier/bonus는 계산식 안쪽 값이라 그대로 두고, 바깥에 난수배율을 곱해야 한다"
ORIGINAL_UNLISTED_SKILL_EFFECTS.csv,H09F,수라의 검사,Zoro_Samchun2,2,2500000.00,Flat,,2500000,1,2.5,1.75,확정,"최종피해 = 계산식 x GetRandomReal(min,max). multiplier/bonus는 계산식 안쪽 값이라 그대로 두고, 바깥에 난수배율을 곱해야 한다"
ORIGINAL_UNLISTED_SKILL_EFFECTS.csv,H09F,수라의 검사,Zoro_samchun1,1,2500000.00,Flat,,2500000,1,2.5,1.75,확정,"최종피해 = 계산식 x GetRandomReal(min,max). multiplier/bonus는 계산식 안쪽 값이라 그대로 두고, 바깥에 난수배율을 곱해야 한다"
ORIGINAL_UNLISTED_SKILL_EFFECTS.csv,H09F,수라의 검사,Zoro_saza1,1,(602500.00+s__TrigVariables__get_realD(GlobalTV)),[축밖],,,1,1.5,1.25,축밖,"최종피해 = 계산식 x GetRandomReal(min,max). multiplier/bonus는 계산식 안쪽 값이라 그대로 두고, 바깥에 난수배율을 곱해야 한다"
ORIGINAL_UNLISTED_SKILL_EFFECTS.csv,H09F,수라의 검사,Zoro_saza1,2,(903750.00+(s__TrigVariables__get_realD(GlobalTV)*10.00)),[축밖],,,1,1.5,1.25,축밖,"최종피해 = 계산식 x GetRandomReal(min,max). multiplier/bonus는 계산식 안쪽 값이라 그대로 두고, 바깥에 난수배율을 곱해야 한다"
ORIGINAL_UNLISTED_SKILL_EFFECTS.csv,H09G,정열의 요리사,Sandi_skill_1,2,450000.00,Flat,,450000,1,2,1.5,확정,"최종피해 = 계산식 x GetRandomReal(min,max). multiplier/bonus는 계산식 안쪽 값이라 그대로 두고, 바깥에 난수배율을 곱해야 한다"
ORIGINAL_UNLISTED_SKILL_EFFECTS.csv,H09I,소울 킹,Brook_Skill_1,1,350000.00,Flat,,350000,1,1.5,1.25,확정,"최종피해 = 계산식 x GetRandomReal(min,max). multiplier/bonus는 계산식 안쪽 값이라 그대로 두고, 바깥에 난수배율을 곱해야 한다"
ORIGINAL_UNLISTED_SKILL_EFFECTS.csv,H09I,소울 킹,Brook_Skill_1,2,350000.00,Flat,,350000,1,1.5,1.25,확정,"최종피해 = 계산식 x GetRandomReal(min,max). multiplier/bonus는 계산식 안쪽 값이라 그대로 두고, 바깥에 난수배율을 곱해야 한다"
ORIGINAL_UNLISTED_SKILL_EFFECTS.csv,H0B2,다섯번째 황제,Snake_2,1,(350000.00*(1+(0.01*(GetUnitMoveSpeed(GetEnumUnit())*0.40)))),[축밖],,,1,1.5,1.25,축밖,"최종피해 = 계산식 x GetRandomReal(min,max). multiplier/bonus는 계산식 안쪽 값이라 그대로 두고, 바깥에 난수배율을 곱해야 한다"
ORIGINAL_UNLISTED_SKILL_EFFECTS.csv,H0B2,다섯번째 황제,Snake_2,2,350000.00,Flat,,350000,1,1.5,1.25,확정,"최종피해 = 계산식 x GetRandomReal(min,max). multiplier/bonus는 계산식 안쪽 값이라 그대로 두고, 바깥에 난수배율을 곱해야 한다"
ORIGINAL_UNLISTED_SKILL_EFFECTS.csv,H0B2,다섯번째 황제,Snake_3_Kingkobra,1,(3500000.00*(1+(0.01*(GetUnitMoveSpeed(GetEnumUnit())*0.10)))),[축밖],,,1,1.5,1.25,축밖,"최종피해 = 계산식 x GetRandomReal(min,max). multiplier/bonus는 계산식 안쪽 값이라 그대로 두고, 바깥에 난수배율을 곱해야 한다"
ORIGINAL_UNLISTED_SKILL_EFFECTS.csv,H0B2,다섯번째 황제,Snake_3_Kingkobra,2,1875000.00,Flat,,1875000,1,1.5,1.25,확정,"최종피해 = 계산식 x GetRandomReal(min,max). multiplier/bonus는 계산식 안쪽 값이라 그대로 두고, 바깥에 난수배율을 곱해야 한다"
ORIGINAL_UNLISTED_SKILL_EFFECTS.csv,H0B5,해군대장-보르살리노,Kizaru_01,1,s__TrigVariables__get_realD(GlobalTV),[축밖],,,3.25,3.25,3.25,축밖,"최종피해 = 계산식 x GetRandomReal(min,max). multiplier/bonus는 계산식 안쪽 값이라 그대로 두고, 바깥에 난수배율을 곱해야 한다"
ORIGINAL_UNLISTED_SKILL_EFFECTS.csv,H0B5,해군대장-보르살리노,Kizaru_01_shoot,1,200000.00,Flat,,200000,1,1.5,1.25,확정,"최종피해 = 계산식 x GetRandomReal(min,max). multiplier/bonus는 계산식 안쪽 값이라 그대로 두고, 바깥에 난수배율을 곱해야 한다"
ORIGINAL_UNLISTED_SKILL_EFFECTS.csv,H0BD,오니히메,Yamato_Dash,2,((udg_Yamato_Damage[GetConvertedPlayerId(GetOwningPlayer(s__TrigVariables__get_unitA(GlobalTV)))]*1.15)+215000,ReceivedDamage(2026-09-06 확정),1.15,215000,1.25,1.25,1.25,확정,축밖→확정 전환. udg_Yamato_Damage=GetEventDamage() 누적변수. 고정 1.25배
ORIGINAL_UNLISTED_SKILL_EFFECTS.csv,H0BL,'신'해군대장-초록소,Rokugu_Tree_S,1,(2000000.00+(s__TrigVariables__get_realC(GlobalTV)+s__TrigVariables__get_realD(GlobalTV))),[축밖],,,1,1.5,1.25,축밖,"최종피해 = 계산식 x GetRandomReal(min,max). multiplier/bonus는 계산식 안쪽 값이라 그대로 두고, 바깥에 난수배율을 곱해야 한다"
ORIGINAL_UNLISTED_SKILL_EFFECTS.csv,H0BL,'신'해군대장-초록소,Rokugu_Tree_S,2,(2000000.00+(s__TrigVariables__get_realC(GlobalTV)+s__TrigVariables__get_realD(GlobalTV))),[축밖],,,1,1.5,1.25,축밖,"최종피해 = 계산식 x GetRandomReal(min,max). multiplier/bonus는 계산식 안쪽 값이라 그대로 두고, 바깥에 난수배율을 곱해야 한다"
ORIGINAL_UNLISTED_SKILL_EFFECTS.csv,H0BL,'신'해군대장-초록소,Rokugu_skill_1,1,700000.00,Flat,,700000,1,1.5,1.25,확정,"최종피해 = 계산식 x GetRandomReal(min,max). multiplier/bonus는 계산식 안쪽 값이라 그대로 두고, 바깥에 난수배율을 곱해야 한다"
ORIGINAL_UNLISTED_SKILL_EFFECTS.csv,H0BT,염왕,Zoro_enfor_3dragon,2,532500.00,Flat,,532500,1,1.5,1.25,확정,"최종피해 = 계산식 x GetRandomReal(min,max). multiplier/bonus는 계산식 안쪽 값이라 그대로 두고, 바깥에 난수배율을 곱해야 한다"
ORIGINAL_UNLISTED_SKILL_EFFECTS.csv,H0BT,염왕,Zoro_enfor_flying_draong,1,(672500.00+s__TrigVariables__get_realD(GlobalTV)),[축밖],,,1,1.5,1.25,축밖,"최종피해 = 계산식 x GetRandomReal(min,max). multiplier/bonus는 계산식 안쪽 값이라 그대로 두고, 바깥에 난수배율을 곱해야 한다"
ORIGINAL_UNLISTED_SKILL_EFFECTS.csv,H0BT,염왕,Zoro_enfor_flying_draong,2,(903750.00+(s__TrigVariables__get_realD(GlobalTV)*10.00)),[축밖],,,1,1.5,1.25,축밖,"최종피해 = 계산식 x GetRandomReal(min,max). multiplier/bonus는 계산식 안쪽 값이라 그대로 두고, 바깥에 난수배율을 곱해야 한다"
ORIGINAL_UNLISTED_SKILL_EFFECTS.csv,h08I,쿠치키 뱌쿠야 - 랜덤전용[제한됨],Byakuya_R,1,5000000.00,Flat,,5000000,1,1.5,1.25,확정,"최종피해 = 계산식 x GetRandomReal(min,max). multiplier/bonus는 계산식 안쪽 값이라 그대로 두고, 바깥에 난수배율을 곱해야 한다"
ORIGINAL_UNLISTED_SKILL_EFFECTS.csv,h08I,쿠치키 뱌쿠야 - 랜덤전용[제한됨],byakuya_Q,1,850000.00,Flat,,850000,1,1.5,1.25,확정,"최종피해 = 계산식 x GetRandomReal(min,max). multiplier/bonus는 계산식 안쪽 값이라 그대로 두고, 바깥에 난수배율을 곱해야 한다"
ORIGINAL_UNLISTED_SKILL_EFFECTS.csv,h09L,이치의 율자 - 랜덤전용,Bronya_Skill_1,1,200000.00,Flat,,200000,1,2,1.5,확정,"최종피해 = 계산식 x GetRandomReal(min,max). multiplier/bonus는 계산식 안쪽 값이라 그대로 두고, 바깥에 난수배율을 곱해야 한다"
ORIGINAL_UNLISTED_SKILL_EFFECTS.csv,h09L,이치의 율자 - 랜덤전용,Bronya_Skill_1,2,300000.00,Flat,,300000,1,2,1.5,확정,"최종피해 = 계산식 x GetRandomReal(min,max). multiplier/bonus는 계산식 안쪽 값이라 그대로 두고, 바깥에 난수배율을 곱해야 한다"
ORIGINAL_UNLISTED_SKILL_EFFECTS.csv,h09N,부릉냐 - 랜덤전용[제한됨],BronyaMotar_E,1,(625000.00*(1+((0.01*0.50)*s__TrigVariables__get_realM(GlobalTV)))),[축밖],,,1,1.5,1.25,축밖,"최종피해 = 계산식 x GetRandomReal(min,max). multiplier/bonus는 계산식 안쪽 값이라 그대로 두고, 바깥에 난수배율을 곱해야 한다"
ORIGINAL_UNLISTED_SKILL_EFFECTS.csv,h09N,부릉냐 - 랜덤전용[제한됨],BronyaMotar_laser,1,(250000.00*(1+((0.01*0.50)*s__TrigVariables__get_realM(GlobalTV)))),[축밖],,,1,1.5,1.25,축밖,"최종피해 = 계산식 x GetRandomReal(min,max). multiplier/bonus는 계산식 안쪽 값이라 그대로 두고, 바깥에 난수배율을 곱해야 한다"
ORIGINAL_UNLISTED_SKILL_EFFECTS.csv,h09N,부릉냐 - 랜덤전용[제한됨],BronyaMotar_laser,2,(225000.00*(1+((0.01*0.50)*s__TrigVariables__get_realM(GlobalTV)))),[축밖],,,1,1.5,1.25,축밖,"최종피해 = 계산식 x GetRandomReal(min,max). multiplier/bonus는 계산식 안쪽 값이라 그대로 두고, 바깥에 난수배율을 곱해야 한다"
ORIGINAL_UNLISTED_SKILL_EFFECTS.csv,h09N,부릉냐 - 랜덤전용[제한됨],BronyaMotar_laser,3,(250000.00*(1+((0.01*0.50)*s__TrigVariables__get_realM(GlobalTV)))),[축밖],,,1,1.5,1.25,축밖,"최종피해 = 계산식 x GetRandomReal(min,max). multiplier/bonus는 계산식 안쪽 값이라 그대로 두고, 바깥에 난수배율을 곱해야 한다"
ORIGINAL_UNLISTED_SKILL_EFFECTS.csv,h09N,부릉냐 - 랜덤전용[제한됨],BronyaMotar_laser,5,(225000.00*(1+((0.01*0.50)*s__TrigVariables__get_realM(GlobalTV)))),[축밖],,,1,1.5,1.25,축밖,"최종피해 = 계산식 x GetRandomReal(min,max). multiplier/bonus는 계산식 안쪽 값이라 그대로 두고, 바깥에 난수배율을 곱해야 한다"
ORIGINAL_UNLISTED_SKILL_EFFECTS.csv,h09R,쿠죠 죠타로 - 랜덤전용[제한됨],Jotaro_R,1,2500000.00,Flat,,2500000,1,1.5,1.25,확정,"최종피해 = 계산식 x GetRandomReal(min,max). multiplier/bonus는 계산식 안쪽 값이라 그대로 두고, 바깥에 난수배율을 곱해야 한다"
ORIGINAL_UNLISTED_SKILL_EFFECTS.csv,h09R,쿠죠 죠타로 - 랜덤전용[제한됨],Jotaro_R,2,"(4250000.00+((GetUnitStateSwap(UNIT_STATE_MAX_LIFE,GetEnumUnit())-GetUnitStateSwap(UNIT_STATE_LIFE,GetEnumUnit",[축밖],,,1,1.5,1.25,축밖,"최종피해 = 계산식 x GetRandomReal(min,max). multiplier/bonus는 계산식 안쪽 값이라 그대로 두고, 바깥에 난수배율을 곱해야 한다"
ORIGINAL_UNLISTED_SKILL_EFFECTS.csv,h09W,나미카제 미나토 - 랜덤전용[제한됨],Minato_E,2,"(GetUnitStateSwap(UNIT_STATE_MAX_LIFE,s__TrigVariables__get_unitB(GlobalTV))*0.01)",대상최대체력,0.01,0,1.5,1.5,1.5,확정,"최종피해 = 계산식 x GetRandomReal(min,max). multiplier/bonus는 계산식 안쪽 값이라 그대로 두고, 바깥에 난수배율을 곱해야 한다"
ORIGINAL_UNLISTED_SKILL_EFFECTS.csv,h0A2,료우기 시키 - 랜덤전용[제한됨],Ryougi_Shiki_2,4,8150000.00,Flat,,8150000,1,1.5,1.25,확정,"최종피해 = 계산식 x GetRandomReal(min,max). multiplier/bonus는 계산식 안쪽 값이라 그대로 두고, 바깥에 난수배율을 곱해야 한다"
ORIGINAL_UNLISTED_SKILL_EFFECTS.csv,h0A2,료우기 시키 - 랜덤전용[제한됨],Ryougi_Shiki_2,5,1440000.00,Flat,,1440000,1,1.44,1.22,확정,"최종피해 = 계산식 x GetRandomReal(min,max). multiplier/bonus는 계산식 안쪽 값이라 그대로 두고, 바깥에 난수배율을 곱해야 한다"
ORIGINAL_UNLISTED_SKILL_EFFECTS.csv,h0A2,료우기 시키 - 랜덤전용[제한됨],Ryougi_Shiki_R2,3,"(GetUnitStateSwap(UNIT_STATE_MAX_LIFE,s__TrigVariables__get_unitB(GlobalTV))*0.03)",대상최대체력,0.03,0,1.5,1.5,1.5,확정,"최종피해 = 계산식 x GetRandomReal(min,max). multiplier/bonus는 계산식 안쪽 값이라 그대로 두고, 바깥에 난수배율을 곱해야 한다"
ORIGINAL_UNLISTED_SKILL_EFFECTS.csv,h0A2,료우기 시키 - 랜덤전용[제한됨],Ryougi_Shiki_R2,4,1440000.00,Flat,,1440000,1,1.44,1.22,확정,"최종피해 = 계산식 x GetRandomReal(min,max). multiplier/bonus는 계산식 안쪽 값이라 그대로 두고, 바깥에 난수배율을 곱해야 한다"
ORIGINAL_UNLISTED_SKILL_EFFECTS.csv,h0A2,료우기 시키 - 랜덤전용[제한됨],Ryougi_Skill_3,1,1440000.00,Flat,,1440000,1,1.44,1.22,확정,"최종피해 = 계산식 x GetRandomReal(min,max). multiplier/bonus는 계산식 안쪽 값이라 그대로 두고, 바깥에 난수배율을 곱해야 한다"
ORIGINAL_UNLISTED_SKILL_EFFECTS.csv,h0A2,료우기 시키 - 랜덤전용[제한됨],Ryougi_Skill_3,2,4000000.00,Flat,,4000000,1,1.5,1.25,확정,"최종피해 = 계산식 x GetRandomReal(min,max). multiplier/bonus는 계산식 안쪽 값이라 그대로 두고, 바깥에 난수배율을 곱해야 한다"
ORIGINAL_UNLISTED_SKILL_EFFECTS.csv,h0A2,료우기 시키 - 랜덤전용[제한됨],Ryougi_Skill_3,4,"(GetUnitStateSwap(UNIT_STATE_MAX_LIFE,s__TrigVariables__get_unitB(GlobalTV))*0.01)",대상최대체력,0.01,0,1.5,1.5,1.5,확정,"최종피해 = 계산식 x GetRandomReal(min,max). multiplier/bonus는 계산식 안쪽 값이라 그대로 두고, 바깥에 난수배율을 곱해야 한다"
ORIGINAL_UNLISTED_SKILL_EFFECTS.csv,h0A2,료우기 시키 - 랜덤전용[제한됨],Ryougi_Skill_3_double,1,1440000.00,Flat,,1440000,1,1.44,1.22,확정,"최종피해 = 계산식 x GetRandomReal(min,max). multiplier/bonus는 계산식 안쪽 값이라 그대로 두고, 바깥에 난수배율을 곱해야 한다"
ORIGINAL_UNLISTED_SKILL_EFFECTS.csv,h0A2,료우기 시키 - 랜덤전용[제한됨],Ryougi_Skill_3_double,2,4000000.00,Flat,,4000000,1,1.5,1.25,확정,"최종피해 = 계산식 x GetRandomReal(min,max). multiplier/bonus는 계산식 안쪽 값이라 그대로 두고, 바깥에 난수배율을 곱해야 한다"
ORIGINAL_UNLISTED_SKILL_EFFECTS.csv,h0A2,료우기 시키 - 랜덤전용[제한됨],Ryougi_Skill_3_double,4,"(GetUnitStateSwap(UNIT_STATE_MAX_LIFE,s__TrigVariables__get_unitB(GlobalTV))*0.01)",대상최대체력,0.01,0,1.5,1.5,1.5,확정,"최종피해 = 계산식 x GetRandomReal(min,max). multiplier/bonus는 계산식 안쪽 값이라 그대로 두고, 바깥에 난수배율을 곱해야 한다"
ORIGINAL_UNLISTED_SKILL_EFFECTS.csv,h0A2,료우기 시키 - 랜덤전용[제한됨],Ryougi_Skill_3_triple,1,1440000.00,Flat,,1440000,1,1.44,1.22,확정,"최종피해 = 계산식 x GetRandomReal(min,max). multiplier/bonus는 계산식 안쪽 값이라 그대로 두고, 바깥에 난수배율을 곱해야 한다"
ORIGINAL_UNLISTED_SKILL_EFFECTS.csv,h0A2,료우기 시키 - 랜덤전용[제한됨],Ryougi_Skill_3_triple,2,3200000.00,Flat,,3200000,1,1.5,1.25,확정,"최종피해 = 계산식 x GetRandomReal(min,max). multiplier/bonus는 계산식 안쪽 값이라 그대로 두고, 바깥에 난수배율을 곱해야 한다"
ORIGINAL_UNLISTED_SKILL_EFFECTS.csv,h0A2,료우기 시키 - 랜덤전용[제한됨],Ryougi_Skill_3_triple,4,"(GetUnitStateSwap(UNIT_STATE_MAX_LIFE,s__TrigVariables__get_unitB(GlobalTV))*0.01)",대상최대체력,0.01,0,0.12,0.12,0.12,확정,"최종피해 = 계산식 x GetRandomReal(min,max). multiplier/bonus는 계산식 안쪽 값이라 그대로 두고, 바깥에 난수배율을 곱해야 한다"
ORIGINAL_UNLISTED_SKILL_EFFECTS.csv,h0BF,키쿄우 - 랜덤전용[제한됨],kikoyou_skill_1,1,350000.00,Flat,,350000,1,1.5,1.25,확정,"최종피해 = 계산식 x GetRandomReal(min,max). multiplier/bonus는 계산식 안쪽 값이라 그대로 두고, 바깥에 난수배율을 곱해야 한다"
ORIGINAL_UNLISTED_SKILL_EFFECTS.csv,h04A,에드워드 뉴게이트 한시대를 주름잡던 대해적 - ,Ed_Skill_1_Item,1,"((1750000.00+(GetUnitStateSwap(UNIT_STATE_MAX_LIFE,GetEnumUnit())*0.03))*(1+((0.025)*I2R(GetPlayerTechCountSim",대상최대체력×계수,0.03,1750000,1.15,1.15,1.15,확정,"최종피해 = 계산식 x GetRandomReal(min,max). multiplier/bonus는 계산식 안쪽 값이라 그대로 두고, 바깥에 난수배율을 곱해야 한다"
ORIGINAL_UNLISTED_SKILL_EFFECTS.csv,h04B,금사자 시키 천신 - 불멸의,Shiki_Lion,1,3250000.00,Flat,,3250000,1,1.5,1.25,확정,"최종피해 = 계산식 x GetRandomReal(min,max). multiplier/bonus는 계산식 안쪽 값이라 그대로 두고, 바깥에 난수배율을 곱해야 한다"
ORIGINAL_UNLISTED_SKILL_EFFECTS.csv,h04F,스코퍼 가반 로져 해적단의 검호 - 불멸의,Gaban_Skill_1,1,8750000.00,Flat,,8750000,1,1.5,1.25,확정,"최종피해 = 계산식 x GetRandomReal(min,max). multiplier/bonus는 계산식 안쪽 값이라 그대로 두고, 바깥에 난수배율을 곱해야 한다"
ORIGINAL_UNLISTED_SKILL_EFFECTS.csv,h04J,골.D.로져 해적왕 - 불멸의,roger_Mana,1,7250000.00,Flat,,7250000,0.8,1.5,1.15,확정,"최종피해 = 계산식 x GetRandomReal(min,max). multiplier/bonus는 계산식 안쪽 값이라 그대로 두고, 바깥에 난수배율을 곱해야 한다"
ORIGINAL_UNLISTED_SKILL_EFFECTS.csv,h07M,카이도 사황'백수의 왕' - 불멸의,Kaido_Dragon_buster,2,s__TrigVariables__get_realD(GlobalTV),[축밖],,,2.58,2.58,2.58,축밖,"최종피해 = 계산식 x GetRandomReal(min,max). multiplier/bonus는 계산식 안쪽 값이라 그대로 두고, 바깥에 난수배율을 곱해야 한다"
ORIGINAL_UNLISTED_SKILL_EFFECTS.csv,h05F,크로커다일 사막의 악어 - 제한됨,cro_skill_2,1,1000000.00,Flat,,1000000,1,1.5,1.25,확정,"최종피해 = 계산식 x GetRandomReal(min,max). multiplier/bonus는 계산식 안쪽 값이라 그대로 두고, 바깥에 난수배율을 곱해야 한다"
ORIGINAL_UNLISTED_SKILL_EFFECTS.csv,h08O,마르코 흰수염 유산의 수호자 - 제한됨,Marco_S1,2,150000.00,Flat,,150000,1,1.5,1.25,확정,"최종피해 = 계산식 x GetRandomReal(min,max). multiplier/bonus는 계산식 안쪽 값이라 그대로 두고, 바깥에 난수배율을 곱해야 한다"
ORIGINAL_UNLISTED_SKILL_EFFECTS.csv,h08O,마르코 흰수염 유산의 수호자 - 제한됨,Marco_S2,3,112500.00,Flat,,112500,1,1.5,1.25,확정,"최종피해 = 계산식 x GetRandomReal(min,max). multiplier/bonus는 계산식 안쪽 값이라 그대로 두고, 바깥에 난수배율을 곱해야 한다"
ORIGINAL_UNLISTED_SKILL_EFFECTS.csv,h02S,롤로노아 조로 죽음의경지'사자의노래' - 전설적,Legend13_2,2,750000.00,Flat,,750000,1,1.5,1.25,확정,"최종피해 = 계산식 x GetRandomReal(min,max). multiplier/bonus는 계산식 안쪽 값이라 그대로 두고, 바깥에 난수배율을 곱해야 한다"
ORIGINAL_UNLISTED_SKILL_EFFECTS.csv,h02S,롤로노아 조로 죽음의경지'사자의노래' - 전설적,Legend13_2,4,1500000.00,Flat,,1500000,1,1.5,1.25,확정,"최종피해 = 계산식 x GetRandomReal(min,max). multiplier/bonus는 계산식 안쪽 값이라 그대로 두고, 바깥에 난수배율을 곱해야 한다"
ORIGINAL_UNLISTED_SKILL_EFFECTS.csv,h032,보아 핸콕 쿠사 해적단 선장 - 전설적인,Legend_han_1,1,150000.00,Flat,,150000,1,1.5,1.25,확정,"최종피해 = 계산식 x GetRandomReal(min,max). multiplier/bonus는 계산식 안쪽 값이라 그대로 두고, 바깥에 난수배율을 곱해야 한다"
ORIGINAL_UNLISTED_SKILL_EFFECTS.csv,h032,보아 핸콕 쿠사 해적단 선장 - 전설적인,Legend_han_1,3,112500.00,Flat,,112500,1,1.5,1.25,확정,"최종피해 = 계산식 x GetRandomReal(min,max). multiplier/bonus는 계산식 안쪽 값이라 그대로 두고, 바깥에 난수배율을 곱해야 한다"
ORIGINAL_UNLISTED_SKILL_EFFECTS.csv,H0BK,|CFFFFFA78태양의신-니카,Nika_AttackDamage,1,((GetEventDamage()*5.00)+1000000.00),ReceivedDamage,5,1000000,1,1.5,1.25,확정,"최종피해 = 계산식 x GetRandomReal(min,max). multiplier/bonus는 계산식 안쪽 값이라 그대로 두고, 바깥에 난수배율을 곱해야 한다"
ORIGINAL_UNLISTED_SKILL_EFFECTS.csv,H0BK,|CFFFFFA78태양의신-니카,Nika_Random_Punch,1,(450000.00*(1+(0.01*(GetUnitMoveSpeed(GetEnumUnit())*0.30)))),[축밖],,,1,1.5,1.25,축밖,"최종피해 = 계산식 x GetRandomReal(min,max). multiplier/bonus는 계산식 안쪽 값이라 그대로 두고, 바깥에 난수배율을 곱해야 한다"
ORIGINAL_UNLISTED_SKILL_EFFECTS.csv,H0BK,|CFFFFFA78태양의신-니카,Nika_Random_Punch,2,(450000.00*(1+(0.01*(GetUnitMoveSpeed(s__TrigVariables__get_unitB(GlobalTV))*0.30)))),[축밖],,,1,1.5,1.25,축밖,"최종피해 = 계산식 x GetRandomReal(min,max). multiplier/bonus는 계산식 안쪽 값이라 그대로 두고, 바깥에 난수배율을 곱해야 한다"
ORIGINAL_UNLISTED_SKILL_EFFECTS.csv,h059,|CFFFFFA78'화권의' 포트거스.D.에이스,ace_skill_3,1,1000000.00,Flat,,1000000,1,1.5,1.25,확정,"최종피해 = 계산식 x GetRandomReal(min,max). multiplier/bonus는 계산식 안쪽 값이라 그대로 두고, 바깥에 난수배율을 곱해야 한다"
ORIGINAL_UNLISTED_SKILL_EFFECTS.csv,h059,|CFFFFFA78'화권의' 포트거스.D.에이스,ace_skill_5,1,s__TrigVariables__get_realD(GlobalTV),대상최대체력,0.02,4500000,1,2,1.5,확정,"최종피해 = 계산식 x GetRandomReal(min,max). multiplier/bonus는 계산식 안쪽 값이라 그대로 두고, 바깥에 난수배율을 곱해야 한다"
ORIGINAL_UNLISTED_SKILL_EFFECTS.csv,h05C,|CFFFFFA78'아마존릴리의 여제'  보아 ,arrow_h2,1,250000.00,Flat,,250000,1,1.5,1.25,확정,"최종피해 = 계산식 x GetRandomReal(min,max). multiplier/bonus는 계산식 안쪽 값이라 그대로 두고, 바깥에 난수배율을 곱해야 한다"
ORIGINAL_UNLISTED_SKILL_EFFECTS.csv,h05C,|CFFFFFA78'아마존릴리의 여제'  보아 ,hancock_skill_10,1,1000000.00,Flat,,1000000,1,1.5,1.25,확정,"최종피해 = 계산식 x GetRandomReal(min,max). multiplier/bonus는 계산식 안쪽 값이라 그대로 두고, 바깥에 난수배율을 곱해야 한다"
ORIGINAL_UNLISTED_SKILL_EFFECTS.csv,h05C,|CFFFFFA78'아마존릴리의 여제'  보아 ,hancock_skill_9,1,850000.00,Flat,,850000,1,1.5,1.25,확정,"최종피해 = 계산식 x GetRandomReal(min,max). multiplier/bonus는 계산식 안쪽 값이라 그대로 두고, 바깥에 난수배율을 곱해야 한다"
ORIGINAL_UNLISTED_SKILL_EFFECTS.csv,h067,|CFFFFFA78세계의 가희 우타 - |CFF,Uta_skill_3_mana,1,2500000.00,Flat,,2500000,1,1.5,1.25,확정,"최종피해 = 계산식 x GetRandomReal(min,max). multiplier/bonus는 계산식 안쪽 값이라 그대로 두고, 바깥에 난수배율을 곱해야 한다"
ORIGINAL_UNLISTED_SKILL_EFFECTS.csv,h03R,[히든조합]반 더 데켄어인섬 절반면적의 노아를 ,deken_Mana,1,"(2200000.00+(GetUnitStateSwap(UNIT_STATE_MAX_LIFE,GetEnumUnit())*0.02))",대상최대체력,0.02,2200000,1.25,1.25,1.25,확정,"최종피해 = 계산식 x GetRandomReal(min,max). multiplier/bonus는 계산식 안쪽 값이라 그대로 두고, 바깥에 난수배율을 곱해야 한다"
ORIGINAL_UNLISTED_SKILL_EFFECTS.csv,h03V,[히든조합]코알라혁명군-어인공수도대리사범,koalla_skill_1,1,"(525000.00+(52500.00*I2R(GetPlayerTechCountSimple('R01O',GetOwningPlayer(s__TrigVariables__get_unitA(GlobalTV)",연구,52500,525000,1,1.5,1.25,확정,"최종피해 = 계산식 x GetRandomReal(min,max). multiplier/bonus는 계산식 안쪽 값이라 그대로 두고, 바깥에 난수배율을 곱해야 한다"
ORIGINAL_UNLISTED_SKILL_EFFECTS.csv,h03V,[히든조합]코알라혁명군-어인공수도대리사범,koalla_skill_Mana,2,"(500000.00+(40000.00*I2R(GetPlayerTechCountSimple('R01O',GetOwningPlayer(s__TrigVariables__get_unitC(GlobalTV)",연구,40000,500000,1,1.5,1.25,확정,"최종피해 = 계산식 x GetRandomReal(min,max). multiplier/bonus는 계산식 안쪽 값이라 그대로 두고, 바깥에 난수배율을 곱해야 한다"
ORIGINAL_UNLISTED_SKILL_EFFECTS.csv,h03Z,[히든조합]아카이누흰수염을죽인 붉은개,Akainu_02_hidden,2,1000000.00,Flat,,1000000,1,3,2,확정,"최종피해 = 계산식 x GetRandomReal(min,max). multiplier/bonus는 계산식 안쪽 값이라 그대로 두고, 바깥에 난수배율을 곱해야 한다"
ORIGINAL_UNLISTED_SKILL_EFFECTS.csv,h05V,포트거스.D.에이스 스페이드 해적단 선장 - 변,Transpom_AceMana,1,1850000.00,Flat,,1850000,1,1.5,1.25,확정,"최종피해 = 계산식 x GetRandomReal(min,max). multiplier/bonus는 계산식 안쪽 값이라 그대로 두고, 바깥에 난수배율을 곱해야 한다"
ORIGINAL_SKILL_DAMAGE_TABLE.csv,h01S,벤 베크만 붉은머리 해적단 부선장 - 희귀함,Trig_Unique21,,"((GetUnitStateSwap(UNIT_STATE_LIFE,GetTriggerUnit())*0.01)+20000.00)",대상현재체력,,,0.8,0.8,0.8,✅ TargetCurrentHpPercent,2채널 적용분. 고정 배율(난수 아님)
ORIGINAL_SKILL_DAMAGE_TABLE.csv,h02H,크로커 다일 Mr.0 Sir - 희귀함,Trig_Unique17,,17500.00,Flat,,,1,1.5,1.25,✅ Flat,2채널 적용분. 난수 배율
ORIGINAL_SKILL_DAMAGE_TABLE.csv,h02M,베이비 5 팔보수군 - 희귀함,Trig_Unique29,,6000.00,Flat,,,1,2,1.5,✅ Flat,2채널 적용분. 난수 배율
ORIGINAL_SKILL_DAMAGE_TABLE.csv,h02P,나미 도둑 고양이 - 전설적인,Trig_Legend25,,325000.00,Flat,,,1,1.5,1.25,✅ Flat,2채널 적용분. 난수 배율
ORIGINAL_SKILL_DAMAGE_TABLE.csv,h02R,로브 루치 생명귀환 지회무신 - 전설적인,Trig_Legend21sc,,345000.00,Flat,,,1,2,1.5,✅ Flat,2채널 적용분. 난수 배율
ORIGINAL_SKILL_DAMAGE_TABLE.csv,h02V,스모커 집념의 해군 중장 - 전설적인,Trig_Legend9,,450000.00,Flat,,,1,1.5,1.25,✅ Flat,2채널 적용분. 난수 배율
ORIGINAL_SKILL_DAMAGE_TABLE.csv,h02V,스모커 집념의 해군 중장 - 전설적인,Trig_Legend9,,200000.00,Flat,,,1,1.5,1.25,✅ Flat,2채널 적용분. 난수 배율
ORIGINAL_SKILL_DAMAGE_TABLE.csv,h02V,스모커 집념의 해군 중장 - 전설적인,Trig_Legend9,,450000.00,Flat,,,1,1.5,1.25,✅ Flat,2채널 적용분. 난수 배율
ORIGINAL_SKILL_DAMAGE_TABLE.csv,h02X,몽키.D.루피 '기어 2' Jet 개틀링 - 전설적인,Trig_Legend0,,47500.00,Flat,,,0.5,2,1.25,✅ Flat,2채널 적용분. 난수 배율
ORIGINAL_SKILL_DAMAGE_TABLE.csv,h034,상디 검은다리 '슈트 코스' - 전설적인,Trig_Legend1sc,,100000.00,Flat,,,0.8,1.5,1.15,✅ Flat,2채널 적용분. 난수 배율
ORIGINAL_SKILL_DAMAGE_TABLE.csv,h034,상디 검은다리 '슈트 코스' - 전설적인,Trig_Legend1sc,,280000.00,Flat,,,0.8,1.5,1.15,✅ Flat,2채널 적용분. 난수 배율
ORIGINAL_SKILL_DAMAGE_TABLE.csv,h036,센고쿠 전 해군 원수 - 전설적인,Trig_Legend8,,465000.00,Flat,,,1,1.25,1.125,✅ Flat,2채널 적용분. 난수 배율
ORIGINAL_SKILL_DAMAGE_TABLE.csv,h03A,실버즈 레일리 로저해적단 부선장 - 전설적인,Trig_Legend7,,1200000.00,Flat,,,0.8,1.5,1.15,✅ Flat,2채널 적용분. 난수 배율
ORIGINAL_SKILL_DAMAGE_TABLE.csv,h03I,제파 전 해군 대장 '흑완' - 전설적인,Trig_Legend23,,"(GetUnitStateSwap(UNIT_STATE_LIFE,GetTriggerUnit())*(0.01))",대상현재체력,,,1.85,1.85,1.85,✅ TargetCurrentHpPercent,2채널 적용분. 고정 배율(난수 아님)
ORIGINAL_SKILL_DAMAGE_TABLE.csv,h04H,쥬라클 미호크 칠무해 - 희귀함,Trig_Unique8,,12500.00,Flat,,,1,2,1.5,✅ Flat,2채널 적용분. 난수 배율
ORIGINAL_SKILL_DAMAGE_TABLE.csv,h04J,골.D.로져 해적왕 - 불멸의,Trig_roger_Attack,,800000.00,Flat,,,1,1.5,1.25,✅ Flat,2채널 적용분. 난수 배율
ORIGINAL_SKILL_DAMAGE_TABLE.csv,h04J,골.D.로져 해적왕 - 불멸의,Trig_roger_Attack,,1000000.00,Flat,,,1,1.5,1.25,✅ Flat,2채널 적용분. 난수 배율
ORIGINAL_SKILL_DAMAGE_TABLE.csv,h04Q,빅 맘 강철 풍선 - 불멸의,Trig_Bigmam_Attack,,((GetEventDamage()*1.98)+999999.00),실제평타피해,,,0.5,0.5,0.5,❌ 스키마에 없음,2채널 적용분. 고정 배율(난수 아님)
ORIGINAL_SKILL_DAMAGE_TABLE.csv,h05F,크로커다일 사막의 악어 - 제한됨,Trig_croTrans,,800000.00,Flat,,,1,2,1.5,✅ Flat,2채널 적용분. 난수 배율
ORIGINAL_SKILL_DAMAGE_TABLE.csv,h06T,뱀파이어 - 랜덤전용,Trig_vampire,,300000.00,Flat,,,1,3,2,✅ Flat,2채널 적용분. 난수 배율
ORIGINAL_SKILL_DAMAGE_TABLE.csv,h06U,k' - 랜덤전용,Trig_k1,,600000.00,Flat,,,1,2,1.5,✅ Flat,2채널 적용분. 난수 배율
ORIGINAL_SKILL_DAMAGE_TABLE.csv,h070,이사야마 요미 - 랜덤전용,Trig_yomi2,,400000.00,Flat,,,1,2,1.5,✅ Flat,2채널 적용분. 난수 배율
ORIGINAL_SKILL_DAMAGE_TABLE.csv,h073,야가미 라이토 - 랜덤전용,Trig_Light1,,350000.00,Flat,,,1,3,2,✅ Flat,2채널 적용분. 난수 배율
ORIGINAL_SKILL_DAMAGE_TABLE.csv,h07N,베이비 5 초토화 모드 - 변화된,Trig_Transpom6,,"((GetUnitStateSwap(UNIT_STATE_LIFE,GetTriggerUnit())*0.01)+0.00)",대상현재체력,,,0.7,0.7,0.7,✅ TargetCurrentHpPercent,2채널 적용분. 고정 배율(난수 아님)
ORIGINAL_SKILL_DAMAGE_TABLE.csv,h02I,상디 디아블 잠브 - 희귀함,Trig_Unique1,,5000.00,Flat,,,0.8,1.5,1.15,✅ Flat,2채널 적용분. 난수 배율
ORIGINAL_GATED_SKILLS_14.csv,,5절대쿨 뱌쿠야,Byakuya_E,,4500000.00,,,,1,1.5,1.25,미수록,절대쿨 게이트 안 스킬
ORIGINAL_GATED_SKILLS_14.csv,,5절대쿨 사보,Sabo_Skill_4,,500000.00,,,,1,1.5,1.25,미수록,절대쿨 게이트 안 스킬
ORIGINAL_GATED_SKILLS_14.csv,,5절대쿨 카이도,Kaido_Skill_1_8,,"realD = (직전평타실피해 x 5.9375 + 2,250,000) x (1.01~1.05)",,,,2.58,2.58,2.58,미수록,절대쿨 게이트 안 스킬
ORIGINAL_GATED_SKILLS_14.csv,,5절대쿨 레일리,Kick_1,,1750000.00,,,,1,1.5,1.25,미수록,절대쿨 게이트 안 스킬
ORIGINAL_GATED_SKILLS_14.csv,,5절대쿨 레일리,Kick_1,,787500.00,,,,1,1.5,1.25,미수록,절대쿨 게이트 안 스킬
ORIGINAL_TRAIT_LEVEL2.csv,H08Y,프랑키,Franky_Skill_1,(계열 전체),udg_bool_franky_tr=true → Franky_Skill_1: 500000.00[NORMAL/UNIVERSAL] / 400000.0,,,,,,,,Franky_Skill_1#1:0.8~1.5(평균1.15) ; Franky_Skill_1#2:0.8~1.5(평균1.15) ; Franky_Skill_1#3:0.8~1.5(평균1.15) ; Franky_Skill_1#4:0.8~1.5(평균1.15)
ORIGINAL_TRAIT_LEVEL2.csv,H08V,나미,Nami_Skill_1,(계열 전체),udg_NamiT_Bool=true → Nami_Skill_1: (300000.00+s__TrigVariables__get_realD(Globa,,,,,,,,Nami_Skill_1#1:1~1.5(평균1.25) ; Nami_Skill_1#2:1~1.5(평균1.25)
ORIGINAL_TRAIT_FLAG_CHANNEL.csv,,프랑키 H08Y,Franky_Skill_1,(계열 전체),(else 분기),,,,,,,,Franky_Skill_1#1:0.8~1.5(평균1.15) ; Franky_Skill_1#2:0.8~1.5(평균1.15) ; Franky_Skill_1#3:0.8~1.5(평균1.15) ; Franky_Skill_1#4:0.8~1.5(평균1.15)
ORIGINAL_TRAIT_FLAG_CHANNEL.csv,,나미 H08V,Nami_Skill_1,(계열 전체),(else 분기),,,,,,,,Nami_Skill_1#1:1~1.5(평균1.25) ; Nami_Skill_1#2:1~1.5(평균1.25)
ORIGINAL_UNLISTED_SKILL_EFFECTS.csv,h07M / h0AD,카이도 사황'백수의 왕' - 불멸의,Kaido_Skill_1_8,2,"((udg_Kaido_Damage*4.75+1800000.00)*1.25)*(1+rand(0.01,0.05))",ReceivedDamage,5.9375,2250000,2.58,2.58,2.58,확정,2026-09-06 신규 확정행(카이도 realD). 고정 2.58배
