번호,경로이름,트리거,진입이벤트,진입조건,확률,확률근거,비용,소유자,생성위치,횟수제한,비고
1,랜덤 유닛 뽑기,Trig_Random_Base1,e0IX 랜덤위습이 gg_rct_Random_Unit 진입,유닛타입=='e0IX',0.24%,GetRandomPercentageBJ()<=0.24,뽑기 위습 1기(별도 비용 없음),GetOwningPlayer(GetTriggerUnit()) = 뽑은 플레이어,udg_PlayZoneLOC[플레이어],무제한,성공하면 일반 유닛 대신 해적선이 나온다(일반 뽑기 분기를 통째로 대체)
2,해적선 도박,Trig_Acient_Ship,h05Y 고대의 배가 A023 시전,GetSpellAbilityId()=='A023' AND 목재>=4,40.00%,GetRandomPercentageBJ()<=40.00,목재 4 (성공·실패 모두 차감),GetOwningPlayer(GetTriggerUnit()),udg_Mix_Loction (gg_rct_Random_Base 중심),고대의 배 1기당 1회,성공·실패 양쪽 다 RemoveUnit(고대의 배) — 배는 1회용. 목재 부족이면 차감 없이 stop 명령만
3,유닛도박 초급,Trig_Unit_Gemble_0,h06B 유닛도박(초급) 훈련 완료,GetUnitTypeId(GetTrainedUnit())=='h06B',1.70%,실패판정 15% 통과(85%) 뒤 GetRandomPercentageBJ()<=2.00 → 0.85×0.02,250엔 + 목재 1 (h06B 훈련 비용),GetOwningPlayer(GetTrainedUnit()),udg_PlayZoneLOC[플레이어],무제한,툴팁 「85%확률로 흔함~안흔함」과 코드의 15% 실패가 일치
4,유닛도박 중급,Trig_Unit_Gemble_2,h06C 유닛도박(중급) 훈련 완료,GetUnitTypeId(GetTrainedUnit())=='h06C',2.45%,실패판정 30% 통과(70%) 뒤 GetRandomPercentageBJ()<=3.50 → 0.70×0.035,1500엔 + 목재 2 (h06C 훈련 비용),GetOwningPlayer(GetTrainedUnit()),udg_PlayZoneLOC[플레이어],무제한,툴팁 「70%확률로 특별함」과 코드의 30% 실패가 일치
5,폐함대선 판매,Trig_sell_ship,항해일지 H0C4가 A16Z 시전,GetSpellAbilityId()=='A16Z',50.00%,GetRandomPercentageBJ()<=50.00 이 목재1 분기 — 그 else가 해적선,아이템 I004 「폐함대선」 소모 (3000엔은 무조건 획득),GetOwningPlayer(GetTriggerUnit()),udg_Mix_Loction,아이템 1개당 1회,50%는 목재 1 / 50%는 해적선. ⚠️ 툴팁은 「25%/25%」라 적혀 있으나 코드는 50/50 — 툴팁이 틀렸다
6,아이스버그 조선,Trig_icebug_ship,h05O 아이스버그가 A0Q3 시전,GetSpellAbilityId()=='A0Q3' AND 목재>=2,100%,확률 판정 자체가 없다,목재 2,GetOwningPlayer(GetTriggerUnit()),시전자 위치(GetUnitLoc(GetTriggerUnit())),유닛 1기당 2회,레벨1→사용 후 2로 증가 / 레벨2에서 사용하면 능력 제거. 쿨타임 200초·시전시간 10초(툴팁). 목재 부족이면 차감 없이 stop
7,스토리 5단계 보상,Trig_Story_Tier5_rayleigh,e01A 초월함위습이 gg_rct_StoryReward_5_2 진입,유닛타입=='e01A',100%,조건문 자체가 없다,초월함 위습 1기(보상 선택),GetOwningPlayer(GetTriggerUnit()),udg_PlayZoneLOC[플레이어],보상 위습 1기당 1회,h05X 실버즈 레일리와 해적선을 함께 지급한다
8,2단계 크립 처치,Trig_creep_reward,Player(5) 유닛 사망,GetUnitPointValue==200 AND 유닛ID=='n00F' AND udg_creep_Logic[죽인 플레이어]==false,50.00%,GetRandomInt(1,2)==1,없음(크립 처치),ConvertedPlayer(GetUnitUserData(죽은 크립)),udg_Mix_Loction,플레이어당 평생 1회,50%면 목재2+해적선 / 나머지 50%면 목재7. creep_Logic은 true로 고정되고 리셋되는 곳이 없다. ⚠️ 조건은 「죽인 플레이어」 기준인데 보상·플래그는 「크립의 UserData 플레이어」 기준이라 둘이 다를 수 있다
9,맵 시작 배치 3기,CreateUnitsForPlayer7,맵 초기화,없음,100%,고정 배치,없음,Player(7) — MAP_CONTROL_NEUTRAL(무소속),"(-3500.6,-6732.2) / (8249.7,-3703.5) / (8609.6,-5373.4)",고정 3기,⚠️ 플레이어 소유가 아니다 → 히든 조합 재료로 쓸 수 없다. 상세는 아래 MD 참고
