유닛ID,등급,유닛이름,실제이름,능력ID,base,능력이름,발동확률,피해배수,추가피해,쿨다운,사거리,반경
h001,흔함,나미 - 흔함,,A0TJ,ACt2,!!@#창고에서 나오기,,,,0.05000000074505806,,0.0
h001,흔함,나미 - 흔함,,A07Y,Absk,!#@#!!창고로 이동,,,,0.009999999776482582,,
h001,흔함,나미 - 흔함,,A0JE,ANbr,!@@!#유닛모으기,,,,1.0,,0.0
h001,흔함,나미 - 흔함,,A09G,AHpx,!@#판매,,,,0.0,,0.0
h001,흔함,나미 - 흔함,,A006,AHwe,[조합],,,,0.0,,0.0
h001,흔함,나미 - 흔함,,A015,Aroa,[조합],,,,,,0.0
h002,흔함,롤로노아 조로 - 흔함,,A0TJ,ACt2,!!@#창고에서 나오기,,,,0.05000000074505806,,0.0
h002,흔함,롤로노아 조로 - 흔함,,A07Y,Absk,!#@#!!창고로 이동,,,,0.009999999776482582,,
h002,흔함,롤로노아 조로 - 흔함,,A0JE,ANbr,!@@!#유닛모으기,,,,1.0,,0.0
h002,흔함,롤로노아 조로 - 흔함,,A09G,AHpx,!@#판매,,,,0.0,,0.0
h002,흔함,롤로노아 조로 - 흔함,,A00W,Aroa,[조합],,,,,,0.0
h002,흔함,롤로노아 조로 - 흔함,,A032,AHwe,[조합],,,,0.0,,0.0
h003,흔함,몽키.D.루피 - 흔함,,A0TJ,ACt2,!!@#창고에서 나오기,,,,0.05000000074505806,,0.0
h003,흔함,몽키.D.루피 - 흔함,,A07Y,Absk,!#@#!!창고로 이동,,,,0.009999999776482582,,
h003,흔함,몽키.D.루피 - 흔함,,A0JE,ANbr,!@@!#유닛모으기,,,,1.0,,0.0
h003,흔함,몽키.D.루피 - 흔함,,A09G,AHpx,!@#판매,,,,0.0,,0.0
h003,흔함,몽키.D.루피 - 흔함,,A00D,AHwe,[조합],,,,0.0,,0.0
h003,흔함,몽키.D.루피 - 흔함,,A012,Aroa,[조합],,,,,,0.0
h004,흔함,상디 - 흔함,,A0TJ,ACt2,!!@#창고에서 나오기,,,,0.05000000074505806,,0.0
h004,흔함,상디 - 흔함,,A07Y,Absk,!#@#!!창고로 이동,,,,0.009999999776482582,,
h004,흔함,상디 - 흔함,,A0JE,ANbr,!@@!#유닛모으기,,,,1.0,,0.0
h004,흔함,상디 - 흔함,,A09G,AHpx,!@#판매,,,,0.0,,0.0
h004,흔함,상디 - 흔함,,A01B,Aroa,[조합],,,,,,0.0
h004,흔함,상디 - 흔함,,A00P,AHwe,[조합],,,,0.0,,0.0
h005,흔함,버기 - 흔함,,A0TJ,ACt2,!!@#창고에서 나오기,,,,0.05000000074505806,,0.0
h005,흔함,버기 - 흔함,,A07Y,Absk,!#@#!!창고로 이동,,,,0.009999999776482582,,
h005,흔함,버기 - 흔함,,A0JE,ANbr,!@@!#유닛모으기,,,,1.0,,0.0
h005,흔함,버기 - 흔함,,A09G,AHpx,!@#판매,,,,0.0,,0.0
h005,흔함,버기 - 흔함,,A00L,AHwe,[조합],,,,0.0,,0.0
h005,흔함,버기 - 흔함,,A018,Aroa,[조합],,,,,,0.0
h006,흔함,해군 칼병 - 흔함,,A0TJ,ACt2,!!@#창고에서 나오기,,,,0.05000000074505806,,0.0
h006,흔함,해군 칼병 - 흔함,,A07Y,Absk,!#@#!!창고로 이동,,,,0.009999999776482582,,
h006,흔함,해군 칼병 - 흔함,,A0JE,ANbr,!@@!#유닛모으기,,,,1.0,,0.0
h006,흔함,해군 칼병 - 흔함,,A09G,AHpx,!@#판매,,,,0.0,,0.0
h006,흔함,해군 칼병 - 흔함,,A0N7,AHwe,[조합],,,,0.0,,0.0
h006,흔함,해군 칼병 - 흔함,,A01R,Aroa,[조합],,,,,,0.0
h007,흔함,우솝 - 흔함,,A0TJ,ACt2,!!@#창고에서 나오기,,,,0.05000000074505806,,0.0
h007,흔함,우솝 - 흔함,,A07Y,Absk,!#@#!!창고로 이동,,,,0.009999999776482582,,
h007,흔함,우솝 - 흔함,,A0JE,ANbr,!@@!#유닛모으기,,,,1.0,,0.0
h007,흔함,우솝 - 흔함,,A09G,AHpx,!@#판매,,,,0.0,,0.0
h007,흔함,우솝 - 흔함,,A00V,AHwe,[조합],,,,0.0,,0.0
h007,흔함,우솝 - 흔함,,A01H,Aroa,[조합],,,,,,0.0
h008,흔함,토니토니 쵸파 - 흔함,,A0TJ,ACt2,!!@#창고에서 나오기,,,,0.05000000074505806,,0.0
h008,흔함,토니토니 쵸파 - 흔함,,A07Y,Absk,!#@#!!창고로 이동,,,,0.009999999776482582,,
h008,흔함,토니토니 쵸파 - 흔함,,A0JE,ANbr,!@@!#유닛모으기,,,,1.0,,0.0
h008,흔함,토니토니 쵸파 - 흔함,,A09G,AHpx,!@#판매,,,,0.0,,0.0
h008,흔함,토니토니 쵸파 - 흔함,,A02I,AHwe,[조합],,,,0.0,,0.0
h008,흔함,토니토니 쵸파 - 흔함,,A00E,Aroa,[조합],,,,,,0.0
h009,흔함,해군 총병 - 흔함,,A0TJ,ACt2,!!@#창고에서 나오기,,,,0.05000000074505806,,0.0
h009,흔함,해군 총병 - 흔함,,A0SP,AHtc,[조합],,,,0.0,,0.0
h009,흔함,해군 총병 - 흔함,,A07Y,Absk,!#@#!!창고로 이동,,,,0.009999999776482582,,
h009,흔함,해군 총병 - 흔함,,A0JE,ANbr,!@@!#유닛모으기,,,,1.0,,0.0
h009,흔함,해군 총병 - 흔함,,A09G,AHpx,!@#판매,,,,0.0,,0.0
h009,흔함,해군 총병 - 흔함,,A0N5,AHwe,[조합],,,,0.0,,0.0
h009,흔함,해군 총병 - 흔함,,A01L,Aroa,[조합],,,,,,0.0
h00A,흔함,CP9 후쿠로 - 안흔함,,A07Y,Absk,!#@#!!창고로 이동,,,,0.009999999776482582,,
h00A,흔함,CP9 후쿠로 - 안흔함,,A0JE,ANbr,!@@!#유닛모으기,,,,1.0,,0.0
h00A,흔함,CP9 후쿠로 - 안흔함,,A0B8,AHpx,!@#판매,,,,0.0,,0.0
h00A,흔함,CP9 후쿠로 - 안흔함,,A046,ACbh,!육식,,1.5,0.0,,,
h00A,흔함,CP9 후쿠로 - 안흔함,,A0NA,AHwe,[조합],,,,0.0,,0.0
h00A,흔함,CP9 후쿠로 - 안흔함,,A01O,Aroa,[조합],,,,,,0.0
h00B,특별함,겟코 모리아 칠무해 - 특별함,,A0JE,ANbr,!@@!#유닛모으기,,,,1.0,,0.0
h00B,특별함,겟코 모리아 칠무해 - 특별함,,A07Y,Absk,!#@#!!창고로 이동,,,,0.009999999776482582,,
h00B,특별함,겟코 모리아 칠무해 - 특별함,,A0BA,AHpx,!@#판매,,,,0.0,,0.0
h00B,특별함,겟코 모리아 칠무해 - 특별함,,A028,AHwe,[조합],,,,0.0,,0.0
h00B,특별함,겟코 모리아 칠무해 - 특별함,,A016,Aroa,[조합],,,,,,0.0
h00B,특별함,겟코 모리아 칠무해 - 특별함,,A113,ANba,!그림자그림자열매-리멕특별,,,,,2000.0,
h00C,흔함,베포 - 안흔함,,A07Y,Absk,!#@#!!창고로 이동,,,,0.009999999776482582,,
h00C,흔함,베포 - 안흔함,,A0JE,ANbr,!@@!#유닛모으기,,,,1.0,,0.0
h00C,흔함,베포 - 안흔함,,A0B8,AHpx,!@#판매,,,,0.0,,0.0
h00C,흔함,베포 - 안흔함,,A01X,AHwe,[조합],,,,0.0,,0.0
h00C,흔함,베포 - 안흔함,,A017,Aroa,[조합],,,,,,0.0
h00D,흔함,브룩 - 안흔함,,A07Y,Absk,!#@#!!창고로 이동,,,,0.009999999776482582,,
h00D,흔함,브룩 - 안흔함,,A0JE,ANbr,!@@!#유닛모으기,,,,1.0,,0.0
h00D,흔함,브룩 - 안흔함,,A0B8,AHpx,!@#판매,,,,0.0,,0.0
h00D,흔함,브룩 - 안흔함,,A04C,ACbh,!잠의 노래 프람,10.0,,0.0,,,
h00D,흔함,브룩 - 안흔함,,A00K,AHwe,[조합],,,,0.0,,0.0
h00D,흔함,브룩 - 안흔함,,A019,Aroa,[조합],,,,,,0.0
h00D,흔함,브룩 - 안흔함,,A02E,AHtc,[조합],,,,0.0,,0.0
h00E,흔함,타시기 - 안흔함,,A07Y,Absk,!#@#!!창고로 이동,,,,0.009999999776482582,,
h00E,흔함,타시기 - 안흔함,,A0JE,ANbr,!@@!#유닛모으기,,,,1.0,,0.0
h00E,흔함,타시기 - 안흔함,,A03M,ACbh,!시구레,20.0,,200.0,,,
h00E,흔함,타시기 - 안흔함,,A0B8,AHpx,!@#판매,,,,0.0,,0.0
h00E,흔함,타시기 - 안흔함,,A02B,AHwe,[조합],,,,0.0,,0.0
h00E,흔함,타시기 - 안흔함,,A01C,Aroa,[조합],,,,,,0.0
h00F,흔함,하찌 - 안흔함,,A07Y,Absk,!#@#!!창고로 이동,,,,0.009999999776482582,,
h00F,흔함,하찌 - 안흔함,,A0JE,ANbr,!@@!#유닛모으기,,,,1.0,,0.0
h00F,흔함,하찌 - 안흔함,,A06P,ACbh,!어인,20.0,,150.0,,,
h00F,흔함,하찌 - 안흔함,,A0B8,AHpx,!@#판매,,,,0.0,,0.0
h00F,흔함,하찌 - 안흔함,,A06P,ACbh,!어인,20.0,,150.0,,,
h00F,흔함,하찌 - 안흔함,,A0N8,AHwe,[조합],,,,0.0,,0.0
h00F,흔함,하찌 - 안흔함,,A01P,Aroa,[조합],,,,,,0.0
h00G,흔함,토니토니 쵸파 럼블볼강화 - 안흔함,,A07Y,Absk,!#@#!!창고로 이동,,,,0.009999999776482582,,
h00G,흔함,토니토니 쵸파 럼블볼강화 - 안흔함,,A0B8,AHpx,!@#판매,,,,0.0,,0.0
h00G,흔함,토니토니 쵸파 럼블볼강화 - 안흔함,,A00B,AHwe,[조합],,,,0.0,,0.0
h00G,흔함,토니토니 쵸파 럼블볼강화 - 안흔함,,A014,Aroa,[조합],,,,,,0.0
h00G,흔함,토니토니 쵸파 럼블볼강화 - 안흔함,,A004,AHtc,[조합],,,,0.0,,0.0
h00G,흔함,토니토니 쵸파 럼블볼강화 - 안흔함,,A0JE,ANbr,!@@!#유닛모으기,,,,1.0,,0.0
h00H,흔함,좀비 - 안흔함,,A029,AHwe,[조합],,,,0.0,,0.0
h00I,흔함,이나즈마 - 안흔함,,A07Y,Absk,!#@#!!창고로 이동,,,,0.009999999776482582,,
h00I,흔함,이나즈마 - 안흔함,,A0JE,ANbr,!@@!#유닛모으기,,,,1.0,,0.0
h00I,흔함,이나즈마 - 안흔함,,A0B8,AHpx,!@#판매,,,,0.0,,0.0
h00I,흔함,이나즈마 - 안흔함,,A00Z,AHwe,[조합],,,,0.0,,0.0
h00I,흔함,이나즈마 - 안흔함,,A01I,Aroa,[조합],,,,,,0.0
h00J,흔함,페로나 - 안흔함,,A07Y,Absk,!#@#!!창고로 이동,,,,0.009999999776482582,,
h00J,흔함,페로나 - 안흔함,,A0JE,ANbr,!@@!#유닛모으기,,,,1.0,,0.0
h00J,흔함,페로나 - 안흔함,,A0B8,AHpx,!@#판매,,,,0.0,,0.0
h00J,흔함,페로나 - 안흔함,,A030,AHwe,[조합],,,,0.0,,0.0
h00J,흔함,페로나 - 안흔함,,A01N,Aroa,[조합],,,,,,0.0
h00K,흔함,포트거스.D.에이스 - 안흔함,,A07Y,Absk,!#@#!!창고로 이동,,,,0.009999999776482582,,
h00K,흔함,포트거스.D.에이스 - 안흔함,,A0JE,ANbr,!@@!#유닛모으기,,,,1.0,,0.0
h00K,흔함,포트거스.D.에이스 - 안흔함,,A0B8,AHpx,!@#판매,,,,0.0,,0.0
h00K,흔함,포트거스.D.에이스 - 안흔함,,A06J,ACbh,!이글이글열매,10.0,,200.0,,,
h00K,흔함,포트거스.D.에이스 - 안흔함,,A00S,AHwe,[조합],,,,0.0,,0.0
h00K,흔함,포트거스.D.에이스 - 안흔함,,A01E,Aroa,[조합],,,,,,0.0
h00L,흔함,프랑키 - 안흔함,,A07Y,Absk,!#@#!!창고로 이동,,,,0.009999999776482582,,
h00L,흔함,프랑키 - 안흔함,,A0JE,ANbr,!@@!#유닛모으기,,,,1.0,,0.0
h00L,흔함,프랑키 - 안흔함,,A0B8,AHpx,!@#판매,,,,0.0,,0.0
h00L,흔함,프랑키 - 안흔함,,A02Y,AHwe,[조합],,,,0.0,,0.0
h00L,흔함,프랑키 - 안흔함,,A01Q,Aroa,[조합],,,,,,0.0
h00M,흔함,CP9 블루노 - 안흔함,,A07Y,Absk,!#@#!!창고로 이동,,,,0.009999999776482582,,
h00M,흔함,CP9 블루노 - 안흔함,,A0JE,ANbr,!@@!#유닛모으기,,,,1.0,,0.0
h00M,흔함,CP9 블루노 - 안흔함,,A0B8,AHpx,!@#판매,,,,0.0,,0.0
h00M,흔함,CP9 블루노 - 안흔함,,A046,ACbh,!육식,,1.5,0.0,,,
h00M,흔함,CP9 블루노 - 안흔함,,A024,AHwe,[조합],,,,0.0,,0.0
h00M,흔함,CP9 블루노 - 안흔함,,A01A,Aroa,[조합],,,,,,0.0
h00N,흔함,저격왕 우솝 - 안흔함,,A07Y,Absk,!#@#!!창고로 이동,,,,0.009999999776482582,,
h00N,흔함,저격왕 우솝 - 안흔함,,A0JE,ANbr,!@@!#유닛모으기,,,,1.0,,0.0
h00N,흔함,저격왕 우솝 - 안흔함,,A0B8,AHpx,!@#판매,,,,0.0,,0.0
h00N,흔함,저격왕 우솝 - 안흔함,,A01D,AHwe,[조합],,,,0.0,,0.0
h00N,흔함,저격왕 우솝 - 안흔함,,A01K,Aroa,[조합],,,,,,0.0
h00O,흔함,니코 로빈 - 안흔함,,A07Y,Absk,!#@#!!창고로 이동,,,,0.009999999776482582,,
h00O,흔함,니코 로빈 - 안흔함,,A0JE,ANbr,!@@!#유닛모으기,,,,1.0,,0.0
h00O,흔함,니코 로빈 - 안흔함,,A0B8,AHpx,!@#판매,,,,0.0,,0.0
h00O,흔함,니코 로빈 - 안흔함,,A0T7,Aroc,!꽃꽃 열매,,,,0.0,,600.0
h00O,흔함,니코 로빈 - 안흔함,,A03E,AHwe,[조합],,,,0.0,,0.0
h00P,특별함,나미 크리마 텍트 - 특별함,,A0JE,ANbr,!@@!#유닛모으기,,,,1.0,,0.0
h00P,특별함,나미 크리마 텍트 - 특별함,,A07Y,Absk,!#@#!!창고로 이동,,,,0.009999999776482582,,
h00P,특별함,나미 크리마 텍트 - 특별함,,A06Y,ACbh,!크리마 텍트,0.0,,0.0,,,
h00P,특별함,나미 크리마 텍트 - 특별함,,A0BA,AHpx,!@#판매,,,,0.0,,0.0
h00P,특별함,나미 크리마 텍트 - 특별함,,A0ND,AHwe,[조합],,,,0.0,,0.0
h00Q,특별함,갓 에넬 하늘섬의 가짜신 - 특별함,,A0JE,ANbr,!@@!#유닛모으기,,,,1.0,,0.0
h00Q,특별함,갓 에넬 하늘섬의 가짜신 - 특별함,,A07Y,Absk,!#@#!!창고로 이동,,,,0.009999999776482582,,
h00Q,특별함,갓 에넬 하늘섬의 가짜신 - 특별함,,A0BA,AHpx,!@#판매,,,,0.0,,0.0
h00Q,특별함,갓 에넬 하늘섬의 가짜신 - 특별함,,A0DA,Aroc,!쿠릉쿠릉열매,,,,0.0,,600.0
h00Q,특별함,갓 에넬 하늘섬의 가짜신 - 특별함,,A0NB,AHwe,[조합],,,,0.0,,0.0
h00R,특별함,로브 루치 CP9 도력 4000 - 특별함,,A045,ACbh,!육식,,2.0,0.0,,,
h00R,특별함,로브 루치 CP9 도력 4000 - 특별함,,A0JE,ANbr,!@@!#유닛모으기,,,,1.0,,0.0
h00R,특별함,로브 루치 CP9 도력 4000 - 특별함,,A07Y,Absk,!#@#!!창고로 이동,,,,0.009999999776482582,,
h00R,특별함,로브 루치 CP9 도력 4000 - 특별함,,A0BA,AHpx,!@#판매,,,,0.0,,0.0
h00R,특별함,로브 루치 CP9 도력 4000 - 특별함,,A00C,AHwe,[조합],,,,0.0,,0.0
h00S,특별함,니코 로빈 오하라의 악마 - 특별함,,A0JE,ANbr,!@@!#유닛모으기,,,,1.0,,0.0
h00S,특별함,니코 로빈 오하라의 악마 - 특별함,,A07Y,Absk,!#@#!!창고로 이동,,,,0.009999999776482582,,
h00S,특별함,니코 로빈 오하라의 악마 - 특별함,,A0BA,AHpx,!@#판매,,,,0.0,,0.0
h00S,특별함,니코 로빈 오하라의 악마 - 특별함,,A03R,Aroc,!꽃꽃 열매,,,,0.0,,600.0
h00S,특별함,니코 로빈 오하라의 악마 - 특별함,,A0NC,AHwe,[조합],,,,0.0,,0.0
h00T,특별함,마르코 흰수염 해적단 - 특별함,,A0JE,ANbr,!@@!#유닛모으기,,,,1.0,,0.0
h00T,특별함,마르코 흰수염 해적단 - 특별함,,A07Y,Absk,!#@#!!창고로 이동,,,,0.009999999776482582,,
h00T,특별함,마르코 흰수염 해적단 - 특별함,,A075,ACbh,!불사조불사조열매,0.0,,0.0,,,
h00T,특별함,마르코 흰수염 해적단 - 특별함,,A0BA,AHpx,!@#판매,,,,0.0,,0.0
h00T,특별함,마르코 흰수염 해적단 - 특별함,,A00I,AHwe,[조합],,,,0.0,,0.0
h00U,특별함,몽키.D.루피 기어 세컨드 - 특별함,,A0JE,ANbr,!@@!#유닛모으기,,,,1.0,,0.0
h00U,특별함,몽키.D.루피 기어 세컨드 - 특별함,,A07Y,Absk,!#@#!!창고로 이동,,,,0.009999999776482582,,
h00U,특별함,몽키.D.루피 기어 세컨드 - 특별함,,A053,ACbh,!고무고무 열매,20.0,,30.0,,,
h00U,특별함,몽키.D.루피 기어 세컨드 - 특별함,,A066,ACbh,!기어 세컨드,0.0,,0.0,,,
h00U,특별함,몽키.D.루피 기어 세컨드 - 특별함,,A0BA,AHpx,!@#판매,,,,0.0,,0.0
h00U,특별함,몽키.D.루피 기어 세컨드 - 특별함,,A00F,AHwe,[조합],,,,0.0,,0.0
h00V,특별함,캡틴 크로 백계 - 특별함,,A0SQ,ACbh,!작살-크로,20.0,,0.0,,,
h00V,특별함,캡틴 크로 백계 - 특별함,,A0JE,ANbr,!@@!#유닛모으기,,,,1.0,,0.0
h00V,특별함,캡틴 크로 백계 - 특별함,,A07Y,Absk,!#@#!!창고로 이동,,,,0.009999999776482582,,
h00V,특별함,캡틴 크로 백계 - 특별함,,A0BA,AHpx,!@#판매,,,,0.0,,0.0
h00V,특별함,캡틴 크로 백계 - 특별함,,A02F,AHwe,[조합],,,,0.0,,0.0
h00W,특별함,롤로노아 조로 귀기 - 특별함,,A0R9,ACbh,!귀기-특별1,0.0,,0.0,,,
h00W,특별함,롤로노아 조로 귀기 - 특별함,,A0JE,ANbr,!@@!#유닛모으기,,,,1.0,,0.0
h00W,특별함,롤로노아 조로 귀기 - 특별함,,A07Y,Absk,!#@#!!창고로 이동,,,,0.009999999776482582,,
h00W,특별함,롤로노아 조로 귀기 - 특별함,,A0BA,AHpx,!@#판매,,,,0.0,,0.0
h00W,특별함,롤로노아 조로 귀기 - 특별함,,A02R,Aroa,[조합],,,,,,0.0
h00W,특별함,롤로노아 조로 귀기 - 특별함,,A02T,AHwe,[조합],,,,0.0,,0.0
h00X,특별함,이나즈마 혁명군 - 특별함,,A0JV,Asph,스피어 혁명군,,,,0.0,,
h00X,특별함,이나즈마 혁명군 - 특별함,,A0HZ,ACbh,!싹둑싹둑열매,60.0,1.5,0.0,,,
h00X,특별함,이나즈마 혁명군 - 특별함,,A0JE,ANbr,!@@!#유닛모으기,,,,1.0,,0.0
h00X,특별함,이나즈마 혁명군 - 특별함,,A07Y,Absk,!#@#!!창고로 이동,,,,0.009999999776482582,,
h00X,특별함,이나즈마 혁명군 - 특별함,,A0BA,AHpx,!@#판매,,,,0.0,,0.0
h00X,특별함,이나즈마 혁명군 - 특별함,,A01J,Aroa,[조합],,,,,,0.0
h00X,특별함,이나즈마 혁명군 - 특별함,,A00X,AHwe,[조합],,,,0.0,,0.0
h00Y,특별함,유스타스 키드 초신성 - 특별함,,A0K4,AOae,A자석자석 열매,,,,,,800.0
h00Y,특별함,유스타스 키드 초신성 - 특별함,,A0JE,ANbr,!@@!#유닛모으기,,,,1.0,,0.0
h00Y,특별함,유스타스 키드 초신성 - 특별함,,A07Y,Absk,!#@#!!창고로 이동,,,,0.009999999776482582,,
h00Y,특별함,유스타스 키드 초신성 - 특별함,,A0BA,AHpx,!@#판매,,,,0.0,,0.0
h00Y,특별함,유스타스 키드 초신성 - 특별함,,A00U,AHwe,[조합],,,,0.0,,0.0
h00Z,특별함,우솝 화염탄 - 특별함,,A01W,Aroa,[조합],,,,,,0.0
h00Z,특별함,우솝 화염탄 - 특별함,,A0JE,ANbr,!@@!#유닛모으기,,,,1.0,,0.0
h00Z,특별함,우솝 화염탄 - 특별함,,A07Y,Absk,!#@#!!창고로 이동,,,,0.009999999776482582,,
h00Z,특별함,우솝 화염탄 - 특별함,,A0BA,AHpx,!@#판매,,,,0.0,,0.0
h00Z,특별함,우솝 화염탄 - 특별함,,A00Q,AHwe,[조합],,,,0.0,,0.0
h010,특별함,압살롬 투명인간 - 특별함,,A0JE,ANbr,!@@!#유닛모으기,,,,1.0,,0.0
h010,특별함,압살롬 투명인간 - 특별함,,A07Y,Absk,!#@#!!창고로 이동,,,,0.009999999776482582,,
h010,특별함,압살롬 투명인간 - 특별함,,A080,AHpx,!@#판매,,,,0.0,,0.0
h010,특별함,압살롬 투명인간 - 특별함,,A01V,AHwe,[조합],,,,0.0,,0.0
h011,특별함,아론 어인해적단 선장 - 특별함,,A0JE,ANbr,!@@!#유닛모으기,,,,1.0,,0.0
h011,특별함,아론 어인해적단 선장 - 특별함,,A07Y,Absk,!#@#!!창고로 이동,,,,0.009999999776482582,,
h011,특별함,아론 어인해적단 선장 - 특별함,,A06O,ACbh,!어인,20.0,,500.0,,,
h011,특별함,아론 어인해적단 선장 - 특별함,,A0BA,AHpx,!@#판매,,,,0.0,,0.0
h011,특별함,아론 어인해적단 선장 - 특별함,,A03G,AHwe,[조합],,,,0.0,,0.0
h012,특별함,스쿼드 흰수염산하 소용돌이 거미 - 특별함,,A0JE,ANbr,!@@!#유닛모으기,,,,1.0,,0.0
h012,특별함,스쿼드 흰수염산하 소용돌이 거미 - 특별함,,A07Y,Absk,!#@#!!창고로 이동,,,,0.009999999776482582,,
h012,특별함,스쿼드 흰수염산하 소용돌이 거미 - 특별함,,A05C,ACbh,!대태도,0.0,,0.0,,,
h012,특별함,스쿼드 흰수염산하 소용돌이 거미 - 특별함,,A0BA,AHpx,!@#판매,,,,0.0,,0.0
h012,특별함,스쿼드 흰수염산하 소용돌이 거미 - 특별함,,A02A,AHwe,[조합],,,,0.0,,0.0
h013,특별함,상디 검은다리 - 특별함,,A0JK,ACbh,!검은다리-특별함,0.0,,0.0,,,
h013,특별함,상디 검은다리 - 특별함,,A0JE,ANbr,!@@!#유닛모으기,,,,1.0,,0.0
h013,특별함,상디 검은다리 - 특별함,,A07Y,Absk,!#@#!!창고로 이동,,,,0.009999999776482582,,
h013,특별함,상디 검은다리 - 특별함,,A0BA,AHpx,!@#판매,,,,0.0,,0.0
h013,특별함,상디 검은다리 - 특별함,,A0NF,AHwe,[조합],,,,0.0,,0.0
h014,특별함,봉쿠레 Mr.2 - 특별함,,A0D7,ACbh,!폭격백조,0.0,,0.0,,,
h014,특별함,봉쿠레 Mr.2 - 특별함,,A0JE,ANbr,!@@!#유닛모으기,,,,1.0,,0.0
h014,특별함,봉쿠레 Mr.2 - 특별함,,A07Y,Absk,!#@#!!창고로 이동,,,,0.009999999776482582,,
h014,특별함,봉쿠레 Mr.2 - 특별함,,A0BA,AHpx,!@#판매,,,,0.0,,0.0
h014,특별함,봉쿠레 Mr.2 - 특별함,,A008,AHwe,[조합],,,,0.0,,0.0
h015,특별함,버기 특제 마기탄 - 특별함,,A05Z,Aroa,버기 긴급탈출1,,,,,,0.0
h015,특별함,버기 특제 마기탄 - 특별함,,A0JE,ANbr,!@@!#유닛모으기,,,,1.0,,0.0
h015,특별함,버기 특제 마기탄 - 특별함,,A07Y,Absk,!#@#!!창고로 이동,,,,0.009999999776482582,,
h015,특별함,버기 특제 마기탄 - 특별함,,A05E,ACbh,!마기탄,30.0,,800.0,,,
h015,특별함,버기 특제 마기탄 - 특별함,,A03B,AHwe,[조합],,,,0.0,,0.0
h016,특별함,바질 호킨스 초신성 - 특별함,,A0JE,ANbr,!@@!#유닛모으기,,,,1.0,,0.0
h016,특별함,바질 호킨스 초신성 - 특별함,,A07Y,Absk,!#@#!!창고로 이동,,,,0.009999999776482582,,
h016,특별함,바질 호킨스 초신성 - 특별함,,A0E1,AHad,B부두부두 열매,,,,,,800.0
h016,특별함,바질 호킨스 초신성 - 특별함,,A0BA,AHpx,!@#판매,,,,0.0,,0.0
h016,특별함,바질 호킨스 초신성 - 특별함,,A013,Aroa,[조합],,,,,,0.0
h016,특별함,바질 호킨스 초신성 - 특별함,,A0IO,AHwe,[조합],,,,0.0,,0.0
h017,특별함,바솔로뮤 쿠마 칠무해 - 특별함,,A0SI,ACbh,!생체병기-특별아이콘용,20.0,,0.0,,,
h017,특별함,바솔로뮤 쿠마 칠무해 - 특별함,,A0NV,Apxf,P생체병기 px,,,,0.20000000298023224,,
h017,특별함,바솔로뮤 쿠마 칠무해 - 특별함,,A0JE,ANbr,!@@!#유닛모으기,,,,1.0,,0.0
h017,특별함,바솔로뮤 쿠마 칠무해 - 특별함,,A07Y,Absk,!#@#!!창고로 이동,,,,0.009999999776482582,,
h017,특별함,바솔로뮤 쿠마 칠무해 - 특별함,,A0BA,AHpx,!@#판매,,,,0.0,,0.0
h017,특별함,바솔로뮤 쿠마 칠무해 - 특별함,,A02V,AHwe,[조합],,,,0.0,,0.0
h018,특별함,징베 칠무해 - 특별함,,A0JE,ANbr,!@@!#유닛모으기,,,,1.0,,0.0
h018,특별함,징베 칠무해 - 특별함,,A07Y,Absk,!#@#!!창고로 이동,,,,0.009999999776482582,,
h018,특별함,징베 칠무해 - 특별함,,A06O,ACbh,!어인,20.0,,500.0,,,
h018,특별함,징베 칠무해 - 특별함,,A0BA,AHpx,!@#판매,,,,0.0,,0.0
h018,특별함,징베 칠무해 - 특별함,,A02K,AHwe,[조합],,,,0.0,,0.0
h018,특별함,징베 칠무해 - 특별함,,A01M,Aroa,[조합],,,,,,0.0
h019,특별함,챠카 알라바스타의 수호신 - 특별함,,A0MO,ACbh,!개개열매,0.0,,0.0,,,
h019,특별함,챠카 알라바스타의 수호신 - 특별함,,A0BA,AHpx,!@#판매,,,,0.0,,0.0
h019,특별함,챠카 알라바스타의 수호신 - 특별함,,A0JE,ANbr,!@@!#유닛모으기,,,,1.0,,0.0
h019,특별함,챠카 알라바스타의 수호신 - 특별함,,A07Y,Absk,!#@#!!창고로 이동,,,,0.009999999776482582,,
h019,특별함,챠카 알라바스타의 수호신 - 특별함,,A02J,AHwe,[조합],,,,0.0,,0.0
h01A,특별함,크로커 다일 전 칠무해 - 특별함,,A0JE,ANbr,!@@!#유닛모으기,,,,1.0,,0.0
h01A,특별함,크로커 다일 전 칠무해 - 특별함,,A07Y,Absk,!#@#!!창고로 이동,,,,0.009999999776482582,,
h01A,특별함,크로커 다일 전 칠무해 - 특별함,,A0CI,AOae,!모래모래 열매,,,,,,600.0
h01A,특별함,크로커 다일 전 칠무해 - 특별함,,A0BA,AHpx,!@#판매,,,,0.0,,0.0
h01A,특별함,크로커 다일 전 칠무해 - 특별함,,A02N,AHwe,[조합],,,,0.0,,0.0
h01B,특별함,킬러 초신성 - 특별함,,A0JE,ANbr,!@@!#유닛모으기,,,,1.0,,0.0
h01B,특별함,킬러 초신성 - 특별함,,A07Y,Absk,!#@#!!창고로 이동,,,,0.009999999776482582,,
h01B,특별함,킬러 초신성 - 특별함,,A0DJ,ACbh,!살육,10.0,2.0,2500.0,,,
h01B,특별함,킬러 초신성 - 특별함,,A0BA,AHpx,!@#판매,,,,0.0,,0.0
h01B,특별함,킬러 초신성 - 특별함,,A02S,AHwe,[조합],,,,0.0,,0.0
h01C,특별함,카포네 갱 벳지 초신성 - 특별함,,A0JP,Aroa,카포네 분열,,,,,,0.0
h01C,특별함,카포네 갱 벳지 초신성 - 특별함,,A0JE,ANbr,!@@!#유닛모으기,,,,1.0,,0.0
h01C,특별함,카포네 갱 벳지 초신성 - 특별함,,A07Y,Absk,!#@#!!창고로 이동,,,,0.009999999776482582,,
h01C,특별함,카포네 갱 벳지 초신성 - 특별함,,A039,AHwe,[조합],,,,0.0,,0.0
h01D,특별함,토니토니 쵸파 가드 포인트 - 특별함,,A0JE,ANbr,!@@!#유닛모으기,,,,1.0,,0.0
h01D,특별함,토니토니 쵸파 가드 포인트 - 특별함,,A07Y,Absk,!#@#!!창고로 이동,,,,0.009999999776482582,,
h01D,특별함,토니토니 쵸파 가드 포인트 - 특별함,,A0GO,ACac,#애교,,,,,,850.0
h01D,특별함,토니토니 쵸파 가드 포인트 - 특별함,,A0BA,AHpx,!@#판매,,,,0.0,,0.0
h01D,특별함,토니토니 쵸파 가드 포인트 - 특별함,,A010,AHwe,[조합],,,,0.0,,0.0
h01D,특별함,토니토니 쵸파 가드 포인트 - 특별함,,A02M,Aroa,[조합],,,,,,0.0
h01E,특별함,토니토니 쵸파 두뇌 강화 - 특별함,,A0PY,AHad,B약점분석,,,,,,800.0
h01E,특별함,토니토니 쵸파 두뇌 강화 - 특별함,,A0JE,ANbr,!@@!#유닛모으기,,,,1.0,,0.0
h01E,특별함,토니토니 쵸파 두뇌 강화 - 특별함,,A07Y,Absk,!#@#!!창고로 이동,,,,0.009999999776482582,,
h01E,특별함,토니토니 쵸파 두뇌 강화 - 특별함,,A0BA,AHpx,!@#판매,,,,0.0,,0.0
h01E,특별함,토니토니 쵸파 두뇌 강화 - 특별함,,A02L,AHwe,[조합],,,,0.0,,0.0
h01F,특별함,스모커 해군 준장 - 특별함,,A0JE,ANbr,!@@!#유닛모으기,,,,1.0,,0.0
h01F,특별함,스모커 해군 준장 - 특별함,,A07Y,Absk,!#@#!!창고로 이동,,,,0.009999999776482582,,
h01F,특별함,스모커 해군 준장 - 특별함,,A0DD,AOae,A!연기연기열매,,,,,,800.0
h01F,특별함,스모커 해군 준장 - 특별함,,A0BA,AHpx,!@#판매,,,,0.0,,0.0
h01F,특별함,스모커 해군 준장 - 특별함,,A02W,AHwe,[조합],,,,0.0,,0.0
h01G,특별함,파이러츠 도킹 5 거대 로봇 전사 - 특별함,,A0KM,Asph,스피어 도킹 5,,,,0.0,,
h01G,특별함,파이러츠 도킹 5 거대 로봇 전사 - 특별함,,A0K3,AHtb,C사람으로써의 부끄러움,,,,30.0,750.0,
h01G,특별함,파이러츠 도킹 5 거대 로봇 전사 - 특별함,,A0JE,ANbr,!@@!#유닛모으기,,,,1.0,,0.0
h01G,특별함,파이러츠 도킹 5 거대 로봇 전사 - 특별함,,A07Y,Absk,!#@#!!창고로 이동,,,,0.009999999776482582,,
h01G,특별함,파이러츠 도킹 5 거대 로봇 전사 - 특별함,,A0BA,AHpx,!@#판매,,,,0.0,,0.0
h01G,특별함,파이러츠 도킹 5 거대 로봇 전사 - 특별함,,A00A,AHwe,[조합],,,,0.0,,0.0
h01H,특별함,트라팔가 로우 초신성 - 특별함,,A0JE,ANbr,!@@!#유닛모으기,,,,1.0,,0.0
h01H,특별함,트라팔가 로우 초신성 - 특별함,,A07Y,Absk,!#@#!!창고로 이동,,,,0.009999999776482582,,
h01H,특별함,트라팔가 로우 초신성 - 특별함,,A0GB,Auhf,!외과수술,,,,50.0,750.0,
h01H,특별함,트라팔가 로우 초신성 - 특별함,,A0BA,AHpx,!@#판매,,,,0.0,,0.0
h01H,특별함,트라팔가 로우 초신성 - 특별함,,A02Z,AHwe,[조합],,,,0.0,,0.0
h01I,특별함,헤르메포 해군 - 특별함,,A0JT,ACbh,!쿠크리,100.0,,100.0,,,
h01I,특별함,헤르메포 해군 - 특별함,,A0JE,ANbr,!@@!#유닛모으기,,,,1.0,,0.0
h01I,특별함,헤르메포 해군 - 특별함,,A07Y,Absk,!#@#!!창고로 이동,,,,0.009999999776482582,,
h01I,특별함,헤르메포 해군 - 특별함,,A0BA,AHpx,!@#판매,,,,0.0,,0.0
h01I,특별함,헤르메포 해군 - 특별함,,A0N6,AHwe,[조합],,,,0.0,,0.0
h01J,특별함,포트거스.D.에이스 흰수염 해적단 2번대대장 - 특별함,,A0JE,ANbr,!@@!#유닛모으기,,,,1.0,,0.0
h01J,특별함,포트거스.D.에이스 흰수염 해적단 2번대대장 - 특별함,,A07Y,Absk,!#@#!!창고로 이동,,,,0.009999999776482582,,
h01J,특별함,포트거스.D.에이스 흰수염 해적단 2번대대장 - 특별함,,A06K,ACbh,!이글이글열매,0.0,,0.0,,,
h01J,특별함,포트거스.D.에이스 흰수염 해적단 2번대대장 - 특별함,,A0BA,AHpx,!@#판매,,,,0.0,,0.0
h01J,특별함,포트거스.D.에이스 흰수염 해적단 2번대대장 - 특별함,,A00R,AHwe,[조합],,,,0.0,,0.0
h01J,특별함,포트거스.D.에이스 흰수염 해적단 2번대대장 - 특별함,,A01F,Aroa,[조합],,,,,,0.0
h01K,특별함,X-드레이크 초신성 - 특별함,,A0MK,ACbh,!창검술-x드레이크1,10.0,2.0,2200.0,,,
h01K,특별함,X-드레이크 초신성 - 특별함,,A0JE,ANbr,!@@!#유닛모으기,,,,1.0,,0.0
h01K,특별함,X-드레이크 초신성 - 특별함,,A07Y,Absk,!#@#!!창고로 이동,,,,0.009999999776482582,,
h01K,특별함,X-드레이크 초신성 - 특별함,,A0BA,AHpx,!@#판매,,,,0.0,,0.0
h01K,특별함,X-드레이크 초신성 - 특별함,,A0XP,AHwe,[조합],,,,0.0,,0.0
h01L,희귀함,돈키호테 도플라밍고 칠무해 - 희귀함,,A061,ACbh,!하늘귀신,0.0,,0.0,,,
h01L,희귀함,돈키호테 도플라밍고 칠무해 - 희귀함,,A0KJ,Arsg,T변화,,,,5.0,,
h01L,희귀함,돈키호테 도플라밍고 칠무해 - 희귀함,,A07Y,Absk,!#@#!!창고로 이동,,,,0.009999999776482582,,
h01L,희귀함,돈키호테 도플라밍고 칠무해 - 희귀함,,A0DE,ACbh,!실실열매,0.0,,0.0,,,
h01L,희귀함,돈키호테 도플라밍고 칠무해 - 희귀함,,A0B9,AHpx,!@#판매,,,,0.0,,0.0
h01L,희귀함,돈키호테 도플라밍고 칠무해 - 희귀함,,A009,AHwe,[조합],,,,0.0,,0.0
h01M,희귀함,보아 핸콕 칠무해 - 희귀함,,A0PB,ANpi,!패왕색의패기-희귀함,,,,,,800.0
h01M,희귀함,보아 핸콕 칠무해 - 희귀함,,A07Y,Absk,!#@#!!창고로 이동,,,,0.009999999776482582,,
h01M,희귀함,보아 핸콕 칠무해 - 희귀함,,A05R,ACbh,!매료매료 열매,,,10000.0,,,
h01M,희귀함,보아 핸콕 칠무해 - 희귀함,,A0B9,AHpx,!@#판매,,,,0.0,,0.0
h01M,희귀함,보아 핸콕 칠무해 - 희귀함,,A0N9,AHwe,[조합],,,,0.0,,0.0
h01N,희귀함,브룩 해골 음악가 - 희귀함,,A0N4,AOae,$콧노래공속-브룩희귀,,,,,,800.0
h01N,희귀함,브룩 해골 음악가 - 희귀함,,A07Y,Absk,!#@#!!창고로 이동,,,,0.009999999776482582,,
h01N,희귀함,브룩 해골 음악가 - 희귀함,,A04B,ACbh,!잠의 노래 프람,14.0,,4500.0,,,
h01N,희귀함,브룩 해골 음악가 - 희귀함,,A0B9,AHpx,!@#판매,,,,0.0,,0.0
h01N,희귀함,브룩 해골 음악가 - 희귀함,,A03C,AHwe,[조합],,,,0.0,,0.0
h01O,희귀함,비비 MIss.웬즈데이 - 희귀함,,A0WE,Aroc,!공작스트링-비비희귀,,,,0.0,,650.0
h01O,희귀함,비비 MIss.웬즈데이 - 희귀함,,A0KJ,Arsg,T변화,,,,5.0,,
h01O,희귀함,비비 MIss.웬즈데이 - 희귀함,,A07Y,Absk,!#@#!!창고로 이동,,,,0.009999999776482582,,
h01O,희귀함,비비 MIss.웬즈데이 - 희귀함,,A0FJ,ACbh,!공작슬래셔-희귀,10.0,,20000.0,,,
h01O,희귀함,비비 MIss.웬즈데이 - 희귀함,,A0B9,AHpx,!@#판매,,,,0.0,,0.0
h01O,희귀함,비비 MIss.웬즈데이 - 희귀함,,A00O,AHwe,[조합],,,,0.0,,0.0
h01P,희귀함,사카즈키 해군대장 아카이누 - 희귀함,,A07Y,Absk,!#@#!!창고로 이동,,,,0.009999999776482582,,
h01P,희귀함,사카즈키 해군대장 아카이누 - 희귀함,,A06T,ACbh,!용암용암열매,0.0,,0.0,,,
h01P,희귀함,사카즈키 해군대장 아카이누 - 희귀함,,A0B9,AHpx,!@#판매,,,,0.0,,0.0
h01P,희귀함,사카즈키 해군대장 아카이누 - 희귀함,,A00M,AHwe,[조합],,,,0.0,,0.0
h01Q,희귀함,거프 해군 영웅 - 희귀함,,A03H,AHwe,[조합],,,,0.0,,0.0
h01Q,희귀함,거프 해군 영웅 - 희귀함,,A07Y,Absk,!#@#!!창고로 이동,,,,0.009999999776482582,,
h01Q,희귀함,거프 해군 영웅 - 희귀함,,A0B9,AHpx,!@#판매,,,,0.0,,0.0
h01Q,희귀함,거프 해군 영웅 - 희귀함,,A04U,ACbh,!패기의 주먹,20.0,,20000.0,,,
h01Q,희귀함,거프 해군 영웅 - 희귀함,,A0IF,ACbh,!맨손투포환,0.0,,0.0,,,
h01R,희귀함,보르살리노 해군대장 - 희귀함,,A02Q,AHwe,[조합],,,,0.0,,0.0
h01R,희귀함,보르살리노 해군대장 - 희귀함,,A07Y,Absk,!#@#!!창고로 이동,,,,0.009999999776482582,,
h01R,희귀함,보르살리노 해군대장 - 희귀함,,A0CT,ACbh,!빛빛열매,0.0,,0.0,,,
h01R,희귀함,보르살리노 해군대장 - 희귀함,,A0CO,ANbl,D키자루 빛의 이동,,,,3.0,,
h01R,희귀함,보르살리노 해군대장 - 희귀함,,A0B9,AHpx,!@#판매,,,,0.0,,0.0
h01S,희귀함,벤 베크만 붉은머리 해적단 부선장 - 희귀함,,A0E9,ANbl,D도약,,,,5.0,,
h01S,희귀함,벤 베크만 붉은머리 해적단 부선장 - 희귀함,,A07Y,Absk,!#@#!!창고로 이동,,,,0.009999999776482582,,
h01S,희귀함,벤 베크만 붉은머리 해적단 부선장 - 희귀함,,A040,ACbh,!패기의 탄환,35.0,,2500.0,,,
h01S,희귀함,벤 베크만 붉은머리 해적단 부선장 - 희귀함,,A0B9,AHpx,!@#판매,,,,0.0,,0.0
h01T,희귀함,반 더 데켄 플라잉더치맨호의 선장 - 희귀함,,A07Y,Absk,!#@#!!창고로 이동,,,,0.009999999776482582,,
h01T,희귀함,반 더 데켄 플라잉더치맨호의 선장 - 희귀함,,A06Q,ACbh,!어인,20.0,,2000.0,,,
h01T,희귀함,반 더 데켄 플라잉더치맨호의 선장 - 희귀함,,A0BQ,Aroc,!표적표적 열매,,,,0.0,,2000.0
h01T,희귀함,반 더 데켄 플라잉더치맨호의 선장 - 희귀함,,A0B9,AHpx,!@#판매,,,,0.0,,0.0
h01T,희귀함,반 더 데켄 플라잉더치맨호의 선장 - 희귀함,,A0NE,AHwe,[조합],,,,0.0,,0.0
h01U,희귀함,바질호킨스 스트로맨 - 희귀함,,A07Y,Absk,!#@#!!창고로 이동,,,,0.009999999776482582,,
h01U,희귀함,바질호킨스 스트로맨 - 희귀함,,A0E0,AHad,B부두부두 열매,,,,,,800.0
h01U,희귀함,바질호킨스 스트로맨 - 희귀함,,A0B9,AHpx,!@#판매,,,,0.0,,0.0
h01V,희귀함,바제스 검은수염해적단 선원 - 희귀함,,A0NG,AHwe,[조합],,,,0.0,,0.0
h01V,희귀함,바제스 검은수염해적단 선원 - 희귀함,,A0K1,ACbh,!괴력,0.0,,0.0,,,
h01V,희귀함,바제스 검은수염해적단 선원 - 희귀함,,A07Y,Absk,!#@#!!창고로 이동,,,,0.009999999776482582,,
h01V,희귀함,바제스 검은수염해적단 선원 - 희귀함,,A0B9,AHpx,!@#판매,,,,0.0,,0.0
h01W,희귀함,바르토로메오 밀짚모자 해적단 광신도 - 희귀함,,A0JW,ACbh,!배리어 피스트,17.0,,6000.0,,,
h01W,희귀함,바르토로메오 밀짚모자 해적단 광신도 - 희귀함,,A07Y,Absk,!#@#!!창고로 이동,,,,0.009999999776482582,,
h01W,희귀함,바르토로메오 밀짚모자 해적단 광신도 - 희귀함,,A0D2,ACbh,!배리어배리어 열매,0.0,,0.0,,,
h01W,희귀함,바르토로메오 밀짚모자 해적단 광신도 - 희귀함,,A0B9,AHpx,!@#판매,,,,0.0,,0.0
h01W,희귀함,바르토로메오 밀짚모자 해적단 광신도 - 희귀함,,A00J,AHwe,[조합],,,,0.0,,0.0
h01X,희귀함,몽키.D.루피 기어서드 초신성 - 희귀함,,A07Y,Absk,!#@#!!창고로 이동,,,,0.009999999776482582,,
h01X,희귀함,몽키.D.루피 기어서드 초신성 - 희귀함,,A054,ACbh,!고무고무 열매,20.0,,3000.0,,,
h01X,희귀함,몽키.D.루피 기어서드 초신성 - 희귀함,,A0B9,AHpx,!@#판매,,,,0.0,,0.0
h01X,희귀함,몽키.D.루피 기어서드 초신성 - 희귀함,,A03D,AHwe,[조합],,,,0.0,,0.0
h01Y,희귀함,모몬가 G1 지부의 수장 - 희귀함,,A0JL,ACbh,!육중한 일합-모몬가,0.0,,0.0,,,
h01Y,희귀함,모몬가 G1 지부의 수장 - 희귀함,,A07Y,Absk,!#@#!!창고로 이동,,,,0.009999999776482582,,
h01Y,희귀함,모몬가 G1 지부의 수장 - 희귀함,,A0B9,AHpx,!@#판매,,,,0.0,,0.0
h01Z,희귀함,마젤란 독독열매능력자 - 희귀함,,A07Y,Absk,!#@#!!창고로 이동,,,,0.009999999776482582,,
h01Z,희귀함,마젤란 독독열매능력자 - 희귀함,,A04T,Aspo,&독독열매,,,,,,
h01Z,희귀함,마젤란 독독열매능력자 - 희귀함,,A0B9,AHpx,!@#판매,,,,0.0,,0.0
h01Z,희귀함,마젤란 독독열매능력자 - 희귀함,,A00G,AHwe,[조합],,,,0.0,,0.0
h020,희귀함,마인 오즈 대륙파괴인 - 희귀함,,A07Y,Absk,!#@#!!창고로 이동,,,,0.009999999776482582,,
h020,희귀함,마인 오즈 대륙파괴인 - 희귀함,,A0DS,ACbh,!거인의 힘- 오즈희귀,20.0,2.0,0.0,,,
h020,희귀함,마인 오즈 대륙파괴인 - 희귀함,,A0B9,AHpx,!@#판매,,,,0.0,,0.0
h020,희귀함,마인 오즈 대륙파괴인 - 희귀함,,A00T,AHwe,[조합],,,,0.0,,0.0
h020,희귀함,마인 오즈 대륙파괴인 - 희귀함,,A01G,Aroa,[조합],,,,,,0.0
h021,희귀함,마샬.D.티치 흰수염해적단의 배신자 - 희귀함,,A07Y,Absk,!#@#!!창고로 이동,,,,0.009999999776482582,,
h021,희귀함,마샬.D.티치 흰수염해적단의 배신자 - 희귀함,,A0HT,ACbh,!크로우즈,0.0,,0.0,,,
h021,희귀함,마샬.D.티치 흰수염해적단의 배신자 - 희귀함,,A0B9,AHpx,!@#판매,,,,0.0,,0.0
h021,희귀함,마샬.D.티치 흰수염해적단의 배신자 - 희귀함,,A036,AHwe,[조합],,,,0.0,,0.0
h022,희귀함,마르코 흰수염 1번대대장 - 희귀함,,A07Y,Absk,!#@#!!창고로 이동,,,,0.009999999776482582,,
h022,희귀함,마르코 흰수염 1번대대장 - 희귀함,,A0FQ,Asph,스피어 흰수염 해적단,,,,0.0,,
h022,희귀함,마르코 흰수염 1번대대장 - 희귀함,,A076,ACbh,!불사조불사조열매,0.0,,0.0,,,
h022,희귀함,마르코 흰수염 1번대대장 - 희귀함,,A0B9,AHpx,!@#판매,,,,0.0,,0.0
h022,희귀함,마르코 흰수염 1번대대장 - 희귀함,,A00N,AHwe,[조합],,,,0.0,,0.0
h022,희귀함,마르코 흰수염 1번대대장 - 희귀함,,A02D,Aroa,[조합],,,,,,0.0
h023,희귀함,카쿠 CP9 소소열매 람각 주단 - 희귀함,,A0TX,AIsx,!주단 공속증가,,,,,,
h023,희귀함,카쿠 CP9 소소열매 람각 주단 - 희귀함,,A047,ACbh,!육식,,,5000.0,,,
h023,희귀함,카쿠 CP9 소소열매 람각 주단 - 희귀함,,A0MN,ACbh,!람각 주단,0.0,,0.0,,,
h023,희귀함,카쿠 CP9 소소열매 람각 주단 - 희귀함,,A07Y,Absk,!#@#!!창고로 이동,,,,0.009999999776482582,,
h023,희귀함,카쿠 CP9 소소열매 람각 주단 - 희귀함,,A0B9,AHpx,!@#판매,,,,0.0,,0.0
h023,희귀함,카쿠 CP9 소소열매 람각 주단 - 희귀함,,A02P,AHwe,[조합],,,,0.0,,0.0
h024,희귀함,와이퍼 하늘섬의 전귀 - 희귀함,,A07Y,Absk,!#@#!!창고로 이동,,,,0.009999999776482582,,
h024,희귀함,와이퍼 하늘섬의 전귀 - 희귀함,,A0D9,Aroc,!리젝트 다이얼,,,,0.0,,600.0
h024,희귀함,와이퍼 하늘섬의 전귀 - 희귀함,,A0B9,AHpx,!@#판매,,,,0.0,,0.0
h024,희귀함,와이퍼 하늘섬의 전귀 - 희귀함,,A02X,AHwe,[조합],,,,0.0,,0.0
h025,희귀함,검호 류마 용의 목을 벤 사나이 - 희귀함,,A0UG,AHwe,[조합],,,,0.0,,0.0
h025,희귀함,검호 류마 용의 목을 벤 사나이 - 희귀함,,A07Y,Absk,!#@#!!창고로 이동,,,,0.009999999776482582,,
h025,희귀함,검호 류마 용의 목을 벤 사나이 - 희귀함,,A05X,ACbh,!흑도 슈스이,0.0,,0.0,,,
h025,희귀함,검호 류마 용의 목을 벤 사나이 - 희귀함,,A0B9,AHpx,!@#판매,,,,0.0,,0.0
h026,희귀함,시류 전 임펠다운 간수장 - 희귀함,,A07Y,Absk,!#@#!!창고로 이동,,,,0.009999999776482582,,
h026,희귀함,시류 전 임펠다운 간수장 - 희귀함,,A049,ACbh,!참륙용인,20.0,,25000.0,,,
h026,희귀함,시류 전 임펠다운 간수장 - 희귀함,,A0B9,AHpx,!@#판매,,,,0.0,,0.0
h026,희귀함,시류 전 임펠다운 간수장 - 희귀함,,A01T,AHwe,[조합],,,,0.0,,0.0
h027,희귀함,슈가 도플패밀리 최고 간부 - 희귀함,,A07Y,Absk,!#@#!!창고로 이동,,,,0.009999999776482582,,
h027,희귀함,슈가 도플패밀리 최고 간부 - 희귀함,,A0IY,ACbh,!하비하비열매,0.0,,0.0,,,
h027,희귀함,슈가 도플패밀리 최고 간부 - 희귀함,,A0IW,AIba,!특별간부,,,,,,700.0
h027,희귀함,슈가 도플패밀리 최고 간부 - 희귀함,,A0B9,AHpx,!@#판매,,,,0.0,,0.0
h027,희귀함,슈가 도플패밀리 최고 간부 - 희귀함,,A0NI,AHwe,[조합],,,,0.0,,0.0
h028,희귀함,센토마루  해군 과학본부장 - 희귀함,,A07Y,Absk,!#@#!!창고로 이동,,,,0.009999999776482582,,
h028,희귀함,센토마루  해군 과학본부장 - 희귀함,,A06B,ACbh,!대도끼,0.0,,0.0,,,
h028,희귀함,센토마루  해군 과학본부장 - 희귀함,,A0B9,AHpx,!@#판매,,,,0.0,,0.0
h028,희귀함,센토마루  해군 과학본부장 - 희귀함,,A027,AHwe,[조합],,,,0.0,,0.0
h029,희귀함,샹크스 붉은머리 해적단 선장 - 희귀함,,A0PB,ANpi,!패왕색의패기-희귀함,,,,,,800.0
h029,희귀함,샹크스 붉은머리 해적단 선장 - 희귀함,,A07Y,Absk,!#@#!!창고로 이동,,,,0.009999999776482582,,
h029,희귀함,샹크스 붉은머리 해적단 선장 - 희귀함,,A03Y,ACbh,!패기의 검술,20.0,2.0,0.0,,,
h029,희귀함,샹크스 붉은머리 해적단 선장 - 희귀함,,A0B9,AHpx,!@#판매,,,,0.0,,0.0
h029,희귀함,샹크스 붉은머리 해적단 선장 - 희귀함,,A025,AHwe,[조합],,,,0.0,,0.0
h02A,희귀함,엠포리오 이완코브 혁명군 - 희귀함,,A0JV,Asph,스피어 혁명군,,,,0.0,,
h02A,희귀함,엠포리오 이완코브 혁명군 - 희귀함,,A07Y,Absk,!#@#!!창고로 이동,,,,0.009999999776482582,,
h02A,희귀함,엠포리오 이완코브 혁명군 - 희귀함,,A05V,Ainf,!호르몬호르몬 열매1,,,,50.0,,
h02A,희귀함,엠포리오 이완코브 혁명군 - 희귀함,,A0B9,AHpx,!@#판매,,,,0.0,,0.0
h02A,희귀함,엠포리오 이완코브 혁명군 - 희귀함,,A00Y,AHwe,[조합],,,,0.0,,0.0
h02B,희귀함,쿠잔 해군대장 아오키지 - 희귀함,,A07Y,Absk,!#@#!!창고로 이동,,,,0.009999999776482582,,
h02B,희귀함,쿠잔 해군대장 아오키지 - 희귀함,,A0D4,AOae,A!빙빙열매,,,,,,825.0
h02B,희귀함,쿠잔 해군대장 아오키지 - 희귀함,,A0B9,AHpx,!@#판매,,,,0.0,,0.0
h02B,희귀함,쿠잔 해군대장 아오키지 - 희귀함,,A0RP,AHwe,[조합],,,,0.0,,0.0
h02C,희귀함,우솝 보잉열도 생존자 - 희귀함,,A0E9,ANbl,D도약,,,,5.0,,
h02C,희귀함,우솝 보잉열도 생존자 - 희귀함,,A07Y,Absk,!#@#!!창고로 이동,,,,0.009999999776482582,,
h02C,희귀함,우솝 보잉열도 생존자 - 희귀함,,A0EK,ACbh,!임팩트 다이얼,0.0,,0.0,,,
h02C,희귀함,우솝 보잉열도 생존자 - 희귀함,,A0B9,AHpx,!@#판매,,,,0.0,,0.0
h02C,희귀함,우솝 보잉열도 생존자 - 희귀함,,A026,AHwe,[조합],,,,0.0,,0.0
h02D,희귀함,유스타스 키드 캡틴-키드 - 희귀함,,A0XS,AHwe,[조합],,,,0.0,,0.0
h02D,희귀함,유스타스 키드 캡틴-키드 - 희귀함,,A0K5,AOae,A자석자석 열매,,,,,,800.0
h02D,희귀함,유스타스 키드 캡틴-키드 - 희귀함,,A0K6,ACbh,!자석 팔,40.0,,6000.0,,,
h02D,희귀함,유스타스 키드 캡틴-키드 - 희귀함,,A0VM,AIfb,/자석자석열매-1,,,,,,225.0
h02D,희귀함,유스타스 키드 캡틴-키드 - 희귀함,,A07Y,Absk,!#@#!!창고로 이동,,,,0.009999999776482582,,
h02D,희귀함,유스타스 키드 캡틴-키드 - 희귀함,,A0B9,AHpx,!@#판매,,,,0.0,,0.0
h02E,희귀함,죠즈 흰수염 3번대 대장 다이아몬드 - 희귀함,,A0KV,ACbh,!브릴리언스 펑크,0.0,,0.0,,,
h02E,희귀함,죠즈 흰수염 3번대 대장 다이아몬드 - 희귀함,,A07Y,Absk,!#@#!!창고로 이동,,,,0.009999999776482582,,
h02E,희귀함,죠즈 흰수염 3번대 대장 다이아몬드 - 희귀함,,A0B9,AHpx,!@#판매,,,,0.0,,0.0
h02E,희귀함,죠즈 흰수염 3번대 대장 다이아몬드 - 희귀함,,A02G,AHwe,[조합],,,,0.0,,0.0
h02F,희귀함,조로 '현상금 사냥꾼' 초신성 - 희귀함,,A0K8,ACbh,!삼도류-조로희귀,0.0,,0.0,,,
h02F,희귀함,조로 '현상금 사냥꾼' 초신성 - 희귀함,,A07Y,Absk,!#@#!!창고로 이동,,,,0.009999999776482582,,
h02F,희귀함,조로 '현상금 사냥꾼' 초신성 - 희귀함,,A0B9,AHpx,!@#판매,,,,0.0,,0.0
h02F,희귀함,조로 '현상금 사냥꾼' 초신성 - 희귀함,,A0NH,AHwe,[조합],,,,0.0,,0.0
h02G,희귀함,제프 해상 레스토랑 쉐프 - 희귀함,,A0MP,Awar,!의족,,,,,,
h02G,희귀함,제프 해상 레스토랑 쉐프 - 희귀함,,A07Y,Absk,!#@#!!창고로 이동,,,,0.009999999776482582,,
h02G,희귀함,제프 해상 레스토랑 쉐프 - 희귀함,,A0B9,AHpx,!@#판매,,,,0.0,,0.0
h02G,희귀함,제프 해상 레스토랑 쉐프 - 희귀함,,A02C,AHwe,[조합],,,,0.0,,0.0
h02H,희귀함,크로커 다일 Mr.0 Sir - 희귀함,,A07Y,Absk,!#@#!!창고로 이동,,,,0.009999999776482582,,
h02H,희귀함,크로커 다일 Mr.0 Sir - 희귀함,,A0EX,Aroa,!지령,,,,35.0,,900.0
h02H,희귀함,크로커 다일 Mr.0 Sir - 희귀함,,A0CH,AOae,!모래모래 열매,,,,,,800.0
h02H,희귀함,크로커 다일 Mr.0 Sir - 희귀함,,A0B9,AHpx,!@#판매,,,,0.0,,0.0
h02H,희귀함,크로커 다일 Mr.0 Sir - 희귀함,,A02O,AHwe,[조합],,,,0.0,,0.0
h02I,희귀함,상디 디아블 잠브 - 희귀함,,A07Y,Absk,!#@#!!창고로 이동,,,,0.009999999776482582,,
h02I,희귀함,상디 디아블 잠브 - 희귀함,,A06D,ACbh,!디아블 잠브,0.0,,15000.0,,,
h02I,희귀함,상디 디아블 잠브 - 희귀함,,A0B9,AHpx,!@#판매,,,,0.0,,0.0
h02I,희귀함,상디 디아블 잠브 - 희귀함,,A01U,AHwe,[조합],,,,0.0,,0.0
h02J,희귀함,킨에몬 와노쿠니의 사무라이 - 희귀함,,A07Y,Absk,!#@#!!창고로 이동,,,,0.009999999776482582,,
h02J,희귀함,킨에몬 와노쿠니의 사무라이 - 희귀함,,A05J,ACbh,!와노쿠니의 검술,25.0,,10000.0,,,
h02J,희귀함,킨에몬 와노쿠니의 사무라이 - 희귀함,,A0B9,AHpx,!@#판매,,,,0.0,,0.0
h02J,희귀함,킨에몬 와노쿠니의 사무라이 - 희귀함,,A00H,AHwe,[조합],,,,0.0,,0.0
h02K,희귀함,토니토니 쵸파 혼 포인트 - 희귀함,,A17H,AIsx,!!!공속감소-혼포인트,,,,,,
h02K,희귀함,토니토니 쵸파 혼 포인트 - 희귀함,,A0UZ,ACbh,!혼포인트,0.0,,5000.0,,,
h02K,희귀함,토니토니 쵸파 혼 포인트 - 희귀함,,A07Y,Absk,!#@#!!창고로 이동,,,,0.009999999776482582,,
h02K,희귀함,토니토니 쵸파 혼 포인트 - 희귀함,,A0GN,ACac,#애교,,,,,,850.0
h02K,희귀함,토니토니 쵸파 혼 포인트 - 희귀함,,A0B9,AHpx,!@#판매,,,,0.0,,0.0
h02K,희귀함,토니토니 쵸파 혼 포인트 - 희귀함,,A037,AHwe,[조합],,,,0.0,,0.0
h02K,희귀함,토니토니 쵸파 혼 포인트 - 희귀함,,A005,Aroa,[조합],,,,,,0.0
h02L,희귀함,트라팔가 로우 죽음의 외과의사 - 희귀함,,A07Y,Absk,!#@#!!창고로 이동,,,,0.009999999776482582,,
h02L,희귀함,트라팔가 로우 죽음의 외과의사 - 희귀함,,A0GC,Auhf,!외과수술,,,,50.0,750.0,
h02L,희귀함,트라팔가 로우 죽음의 외과의사 - 희귀함,,A05D,ACbh,!카운터 쇼크,0.0,,0.0,,,
h02L,희귀함,트라팔가 로우 죽음의 외과의사 - 희귀함,,A0CP,ANbl,D수술열매 워프,,,,5.0,,
h02L,희귀함,트라팔가 로우 죽음의 외과의사 - 희귀함,,A0B9,AHpx,!@#판매,,,,0.0,,0.0
h02L,희귀함,트라팔가 로우 죽음의 외과의사 - 희귀함,,A02H,AHwe,[조합],,,,0.0,,0.0
h02M,희귀함,베이비 5 팔보수군 - 희귀함,,A0KJ,Arsg,T변화,,,,5.0,,
h02M,희귀함,베이비 5 팔보수군 - 희귀함,,A07Y,Absk,!#@#!!창고로 이동,,,,0.009999999776482582,,
h02M,희귀함,베이비 5 팔보수군 - 희귀함,,A0E2,ACbh,!베이비-무기무기,0.0,,0.0,,,
h02M,희귀함,베이비 5 팔보수군 - 희귀함,,A0B9,AHpx,!@#판매,,,,0.0,,0.0
h02N,전설적인,겟코 모리아 쉐도우 아스가르드 - 전설적인,,A05A,ACbh,!그림자흡수,0.0,,0.0,,,
h02N,전설적인,겟코 모리아 쉐도우 아스가르드 - 전설적인,,A143,AOae,A그림자그림자열매,,,,,,850.0
h02N,전설적인,겟코 모리아 쉐도우 아스가르드 - 전설적인,,A055,ACce,!모리아전설 쉐도우 아스가르드1,,,,,,375.0
h02O,전설적인,골.D.에이스 해적왕의 아들 - 전설적인,,A0MC,ACbh,!이글이글열매 - 산화 부지화-전설,0.0,,0.0,,,
h02O,전설적인,골.D.에이스 해적왕의 아들 - 전설적인,,A0KJ,Arsg,T변화,,,,5.0,,
h02O,전설적인,골.D.에이스 해적왕의 아들 - 전설적인,,A0FQ,Asph,스피어 흰수염 해적단,,,,0.0,,
h02O,전설적인,골.D.에이스 해적왕의 아들 - 전설적인,,A0DZ,AHad,B아지랑이-전설,,,,,,850.0
h02O,전설적인,골.D.에이스 해적왕의 아들 - 전설적인,,A0MA,ACbh,!십자화,0.0,,0.0,,,
h02P,전설적인,나미 도둑 고양이 - 전설적인,,A0VZ,ACbh,!금전감각,0.0,,0.0,,,
h02P,전설적인,나미 도둑 고양이 - 전설적인,,A06X,ACbh,!크리마 텍트,0.0,,0.0,,,
h02P,전설적인,나미 도둑 고양이 - 전설적인,,A04X,ACbh,!도둑고양이 나미1,0.0,,0.0,,,
h02Q,전설적인,라분 레드라인을 넘으려는 향유고래 - 전설적인,,A0F6,ACbh,!레드라인을 부수는 박치기,0.0,,0.0,,,
h02Q,전설적인,라분 레드라인을 넘으려는 향유고래 - 전설적인,,A0F8,AOae,$우정의 고래1,,,,,,800.0
h02R,전설적인,로브 루치 생명귀환 지회무신 - 전설적인,,A048,ACbh,!육식,,,250000.0,,,
h02R,전설적인,로브 루치 생명귀환 지회무신 - 전설적인,,A0F9,ACbh,!육왕건,0.0,,0.0,,,
h02S,전설적인,롤로노아 조로 죽음의경지'사자의노래' - 전설적인,,A0PQ,ACbh,!강철을 벤 사나이,30.0,,500000.0,,,
h02S,전설적인,롤로노아 조로 죽음의경지'사자의노래' - 전설적인,,A06M,ACbh,!죽음의 경지,66.0,5.0,0.0,,,
h02S,전설적인,롤로노아 조로 죽음의경지'사자의노래' - 전설적인,,A0FE,ACbh,!사자의노래-조로전설,0.0,,0.0,,,
h02T,전설적인,마르코 환수종'불사조' - 전설적인,,A011,Aroa,[조합],,,,,,0.0
h02T,전설적인,마르코 환수종'불사조' - 전설적인,,A0EU,ACbh,!깃털폭격-마르코전설,0.0,,0.0,,,
h02T,전설적인,마르코 환수종'불사조' - 전설적인,,A0PW,AOae,A풍압,,,,,,875.0
h02T,전설적인,마르코 환수종'불사조' - 전설적인,,A074,ACbh,!불사조불사조열매,,3.1500000953674316,100000.0,,,
h02U,전설적인,"마샬.D.티치 검은수염 해적단 선장 ""검은수염"" - 전설적인",,A0VP,Asph,스피어 검은수염,,,,0.0,,
h02U,전설적인,"마샬.D.티치 검은수염 해적단 선장 ""검은수염"" - 전설적인",,A0HW,ACbh,!크로우즈,0.0,,0.0,,,
h02U,전설적인,"마샬.D.티치 검은수염 해적단 선장 ""검은수염"" - 전설적인",,A0HO,ACbh,!어둠어둠열매-데브리션,0.0,,0.0,,,
h02V,전설적인,스모커 집념의 해군 중장 - 전설적인,,A16L,ACbh,!화이트아웃,25.0,,0.0,,,
h02V,전설적인,스모커 집념의 해군 중장 - 전설적인,,A0DC,AOae,A!연기연기열매,,,,,,800.0
h02V,전설적인,스모커 집념의 해군 중장 - 전설적인,,A0IS,ACbh,!화이트 블로우,18.0,,250000.0,,,
h02W,전설적인,몽키.D.드래곤 세계최악의 범죄자 - 전설적인,,A0W8,AHad,B파괴공작,,,,,,1000.0
h02W,전설적인,몽키.D.드래곤 세계최악의 범죄자 - 전설적인,,A0SX,AHad,B삭풍,,,,,,800.0
h02W,전설적인,몽키.D.드래곤 세계최악의 범죄자 - 전설적인,,A0ST,Aasl,드래곤전설 이동속도감소,,,,,,800.0
h02W,전설적인,몽키.D.드래곤 세계최악의 범죄자 - 전설적인,,A0SS,AOae,$바람바람열매-전설,,,,,,800.0
h02W,전설적인,몽키.D.드래곤 세계최악의 범죄자 - 전설적인,,A04K,ACac,#드래곤- 혁명군,,,,,,800.0
h02X,전설적인,몽키.D.루피 '기어 2' Jet 개틀링 - 전설적인,,A0UU,ACbh,!숙련된 패기,0.0,,0.0,,,
h02X,전설적인,몽키.D.루피 '기어 2' Jet 개틀링 - 전설적인,,A0TT,AIsx,!개틀링 공속증가,,,,,,
h02X,전설적인,몽키.D.루피 '기어 2' Jet 개틀링 - 전설적인,,A0NN,Asph,스피어 루피전설,,,,0.0,,
h02X,전설적인,몽키.D.루피 '기어 2' Jet 개틀링 - 전설적인,,A052,ACbh,!고무고무 열매,,4.25,75000.0,,,
h02X,전설적인,몽키.D.루피 '기어 2' Jet 개틀링 - 전설적인,,A056,ACce,!jet 개틀링,,,,,,325.0
h02Y,전설적인,몽키.D.루피 나이트메어 - 전설적인,,A0TU,AItg,루피전설-공격력증가보너스1,,,,,,
h02Y,전설적인,몽키.D.루피 나이트메어 - 전설적인,,A0TV,Asph,스피어 나이트메어,,,,0.0,,
h02Y,전설적인,몽키.D.루피 나이트메어 - 전설적인,,A0TW,ACbh,!그림자 흡수-루피 나메,,12.5,0.0,,,
h02Y,전설적인,몽키.D.루피 나이트메어 - 전설적인,,A0O7,ACbh,!그림자 일격-일도양단,18.0,11.0,0.0,,,
h02Z,전설적인,바르토로메오 신예 초신성- 식인 - 전설적인,,A16J,AHad,B!살벌함,,,,,,850.0
h02Z,전설적인,바르토로메오 신예 초신성- 식인 - 전설적인,,A0RA,Asph,스피어 바르토,,,,0.0,,
h02Z,전설적인,바르토로메오 신예 초신성- 식인 - 전설적인,,A0JW,ACbh,!배리어 피스트,17.0,,6000.0,,,
h02Z,전설적인,바르토로메오 신예 초신성- 식인 - 전설적인,,A0JX,ACbh,!배리어불스,0.0,,0.0,,,
h02Z,전설적인,바르토로메오 신예 초신성- 식인 - 전설적인,,A0D6,ACbh,!배리어배리어 열매,0.0,,0.0,,,
h030,전설적인,바솔로뮤 쿠마 폭군 - 전설적인,,A0WU,ANbl,D여행-쿠마,,,,8.0,,
h030,전설적인,바솔로뮤 쿠마 폭군 - 전설적인,,A0RU,ANsi,5범위 전이,,,,60.0,700.0,275.0
h030,전설적인,바솔로뮤 쿠마 폭군 - 전설적인,,A06H,ACbh,!발바닥발바닥 열매,0.0,,0.0,,,
h030,전설적인,바솔로뮤 쿠마 폭군 - 전설적인,,A06I,ACbh,!우르스스 쇼크,0.0,,0.0,,,
h030,전설적인,바솔로뮤 쿠마 폭군 - 전설적인,,A0B2,Asph,스피어 폭군 쿠마,,,,0.0,,
h031,전설적인,후지토라 잇쇼우 '신'해군대장 - 전설적인,,A0FX,AOae,A중력중력열매,,,,,,850.0
h031,전설적인,후지토라 잇쇼우 '신'해군대장 - 전설적인,,A0FZ,ACbh,!중력검,0.0,,0.0,,,
h032,전설적인,보아 핸콕 쿠사 해적단 선장 - 전설적인,,A084,AHfa,!피스톨키스 핸콕전설2,,,,,2000.0,
h032,전설적인,보아 핸콕 쿠사 해적단 선장 - 전설적인,,A05S,ACbh,!매료매료 열매,,,150000.0,,,
h033,전설적인,빈스모크 레이쥬 포이즌 핑크 - 전설적인,,A0DW,ACbh,!핑크 호넷,0.0,,0.0,,,
h033,전설적인,빈스모크 레이쥬 포이즌 핑크 - 전설적인,,A10Y,ACbh,!레이드 슈트,20.0,,0.0,,,
h033,전설적인,빈스모크 레이쥬 포이즌 핑크 - 전설적인,,A0SW,AOae,A독기,,,,,,850.0
h033,전설적인,빈스모크 레이쥬 포이즌 핑크 - 전설적인,,A08M,Aspo,&포이즌 핑크,,,,,,
h034,전설적인,상디 검은다리 '슈트 코스' - 전설적인,,A06E,ACbh,!디아블 잠브-검은다리 슈트 코스,0.0,,0.0,,,
h035,전설적인,샹크스 사황 '붉은머리' - 전설적인,,A0UV,Asph,스피어 샹크스오라,,,,0.0,,
h035,전설적인,샹크스 사황 '붉은머리' - 전설적인,,A0PA,ANpi,!패왕색의패기- 샹크스전설,,,,,,1051.0
h035,전설적인,샹크스 사황 '붉은머리' - 전설적인,,A03X,ACbh,!패기의 검술,20.0,10.0,250000.0,,,
h036,전설적인,센고쿠 전 해군 원수 - 전설적인,,A0DV,ACbh,!사람사람열매,0.0,,0.0,,,
h036,전설적인,센고쿠 전 해군 원수 - 전설적인,,A059,ACbh,!인의,0.0,,0.0,,,
h037,전설적인,슈가 장난감의 지배자 - 전설적인,,A0IZ,ACbh,!하비하비열매,0.0,,0.0,,,
h037,전설적인,슈가 장난감의 지배자 - 전설적인,,A0J0,AHtb,4지정 장난감화,,,,105.0,1150.0,
h037,전설적인,슈가 장난감의 지배자 - 전설적인,,A0IX,AIba,!특별 간부,,,,,,700.0
h038,전설적인,시저 크라운 미치광이 과학자 M - 전설적인,,A0NU,AHad,B무공세계,,,,,,
h038,전설적인,시저 크라운 미치광이 과학자 M - 전설적인,,A0DG,ANpi,!가스가스 열매,,,,,,1000.0
h039,전설적인,시키 금사자 - 전설적인,,A0T0,ACbh,!바닷물 가두기,20.0,,0.0,,,
h039,전설적인,시키 금사자 - 전설적인,,A06R,ACbh,!둥실둥실열매,0.0,,0.0,,,
h03A,전설적인,실버즈 레일리 로저해적단 부선장 - 전설적인,,A000,Asph,스피어 레일리 불멸,,,,0.0,,
h03A,전설적인,실버즈 레일리 로저해적단 부선장 - 전설적인,,A0ER,AHad,B명왕의 패기,,,,,,
h03A,전설적인,실버즈 레일리 로저해적단 부선장 - 전설적인,,A03O,AOae,$패기수련,,,,,,800.0
h03A,전설적인,실버즈 레일리 로저해적단 부선장 - 전설적인,,A0EN,ACbh,!명왕의 검술,12.0,,80000.0,,,
h03B,전설적인,에드워드 뉴게이트 '사황' 흰수염 해적단의 아버지 - 전설적인,,A0SY,ACbh,!지진강타-흰전,0.0,,0.0,,,
h03B,전설적인,에드워드 뉴게이트 '사황' 흰수염 해적단의 아버지 - 전설적인,,A0EI,AHad,B노장의 패기-보스방깎-흔들흔들열매 레벨 1,,,,,,800.0
h03B,전설적인,에드워드 뉴게이트 '사황' 흰수염 해적단의 아버지 - 전설적인,,A0EH,AHad,B강자의 패기-일반유닛,,,,,,750.0
h03C,전설적인,트라팔가 로우 하트 해적단 선장 - 전설적인,,A0I6,ACbh,!인젝션 샷,0.0,,0.0,,,
h03C,전설적인,트라팔가 로우 하트 해적단 선장 - 전설적인,,A05B,ACbh,!수술수술열매 '분해',0.0,,0.0,,,
h03C,전설적인,트라팔가 로우 하트 해적단 선장 - 전설적인,,A0GA,Auhf,!외과수술,,,,50.0,750.0,
h03C,전설적인,트라팔가 로우 하트 해적단 선장 - 전설적인,,A0CN,ANbl,D수술열매 워프,,,,,,
h03D,초월함,토니토니 쵸파 럼블볼 폭주 - 초월함,,A0HL,AHad,B애교-쵸초,,,,,,825.0
h03D,초월함,토니토니 쵸파 럼블볼 폭주 - 초월함,,A0H8,AOae,$스피드포인트-초월,,,,,,825.0
h03D,초월함,토니토니 쵸파 럼블볼 폭주 - 초월함,,A04G,ACac,#선의-쵸초,,,,,,850.0
h03D,초월함,토니토니 쵸파 럼블볼 폭주 - 초월함,,A0G8,ACac,#의료품-쵸초,,,,,,850.0
h03D,초월함,토니토니 쵸파 럼블볼 폭주 - 초월함,,A07O,Asph,스피어 초월함,,,,0.0,,
h03E,전설적인,코비 세계의 운명을 바꾼 해군루키 - 전설적인,,A0L4,ACbh,!코비 체,20.0,,200000.0,,,
h03E,전설적인,코비 세계의 운명을 바꾼 해군루키 - 전설적인,,A0L3,ACbh,!용기의 외침,0.0,,0.0,,,
h03F,전설적인,카르가라 샨디아의 대전사 - 전설적인,,A0YO,AHad,B!샨디아의 대전사,,,,,,825.0
h03F,전설적인,카르가라 샨디아의 대전사 - 전설적인,,A0VW,AIcb,샨디아의 기운 방깎,,,,,,
h03F,전설적인,카르가라 샨디아의 대전사 - 전설적인,,A08H,ACbh,!샨디아의 기운,25.0,10.0,0.0,,,
h03F,전설적인,카르가라 샨디아의 대전사 - 전설적인,,A08G,Ablo,C전설 카르가라 샨디아의 창,,,,0.0,99999.0,
h03G,전설적인,징베 전 칠무해 어인족 수장 - 전설적인,,A0MQ,ACbh,!궁극의 어인 가라데,0.0,,0.0,,,
h03G,전설적인,징베 전 칠무해 어인족 수장 - 전설적인,,A0MR,ACbh,!해류 한판 엎어치기,0.0,,0.0,,,
h03G,전설적인,징베 전 칠무해 어인족 수장 - 전설적인,,A0QL,ACbh,!어인족 수장1,25.0,,600000.0,,,
h03G,전설적인,징베 전 칠무해 어인족 수장 - 전설적인,,A07A,AIba,!의리1,,,,,,700.0
h03H,전설적인,샬롯 크래커 빅맘 3장성 - 전설적인,,A0S0,AHwe,[조합],,,,0.0,,0.0
h03H,전설적인,샬롯 크래커 빅맘 3장성 - 전설적인,,A0PJ,AHad,B3장성 크래커,,,,,,750.0
h03H,전설적인,샬롯 크래커 빅맘 3장성 - 전설적인,,A0ED,ACbh,!크래커-롤 프레첼,0.0,,0.0,,,
h03I,전설적인,제파 전 해군 대장 '흑완' - 전설적인,,A0GI,Asph,스피어 흑완,,,,0.0,,
h03I,전설적인,제파 전 해군 대장 '흑완' - 전설적인,,A0GH,ACbh,!무장색의패기-제파,30.0,,150000.0,,,
h03I,전설적인,제파 전 해군 대장 '흑완' - 전설적인,,A0GE,ACbh,!흑완,0.0,,0.0,,,
h03K,전설적인,Dr.히루루크 나라를 치료한 의사 - 전설적인,,A0TG,Aroc,!벚꽃,,,,0.0,,700.0
h03K,전설적인,Dr.히루루크 나라를 치료한 의사 - 전설적인,,A0JY,ANbl,D도약1,,,,5.0,,
h03K,전설적인,Dr.히루루크 나라를 치료한 의사 - 전설적인,,A0RX,Absk,히루루크 최후의준비,,,,2.0,,
h03K,전설적인,Dr.히루루크 나라를 치료한 의사 - 전설적인,,A0RW,AUau,7범위 돌팔이1,,,,,,850.0
h03K,전설적인,Dr.히루루크 나라를 치료한 의사 - 전설적인,,A0VG,ACac,#흩날리는 겨울의 벚꽃,,,,,,850.0
h03S,전설적인,울티 토비롯포 - 전설적인,,A11A,AIcs,!울두건,,,,,,
h03S,전설적인,울티 토비롯포 - 전설적인,,A0FB,AHad,B공포-울티전설,,,,,,
h03S,전설적인,울티 토비롯포 - 전설적인,,A0FC,AIcs,!용용열매 고대종-파키케팔로1,,,,,,
h040,제한됨,아인 네오 해군 장교 - 제한됨,,A0RQ,ACbh,!폭발탄 사격,25.0,,0.0,,,
h040,제한됨,아인 네오 해군 장교 - 제한됨,,A0JY,ANbl,D도약1,,,,5.0,,
h040,제한됨,아인 네오 해군 장교 - 제한됨,,A0RI,ACbh,!체-아인,0.0,,0.0,,,
h040,제한됨,아인 네오 해군 장교 - 제한됨,,A0RJ,ACbh,!뒤로뒤로열매,0.0,,0.0,,,
h042,전설적인,시노부 쿠노이치 - 전설적인,,A0YP,AEfk,!시노부 보물찾기,,,,300.0,,0.0
h042,전설적인,시노부 쿠노이치 - 전설적인,,A0UH,AHwe,[조합],,,,0.0,,0.0
h042,전설적인,시노부 쿠노이치 - 전설적인,,A0U7,Aroc,!인술 분신,,,,0.0,,600.0
h042,전설적인,시노부 쿠노이치 - 전설적인,,A0TL,ACbh,!급습,20.0,,0.0,,,
h049,불멸의,실버즈 레일리 명왕 - 불멸의,,A0W4,Arsg,T특성강화,,,,5.0,,
h049,불멸의,실버즈 레일리 명왕 - 불멸의,,A000,Asph,스피어 레일리 불멸,,,,0.0,,
h049,불멸의,실버즈 레일리 명왕 - 불멸의,,A03K,ACac,#2인자 명왕,,,,,,0.0
h049,불멸의,실버즈 레일리 명왕 - 불멸의,,A0ES,AHad,B명왕의 패기,,,,,,
h049,불멸의,실버즈 레일리 명왕 - 불멸의,,A03I,AOae,$패기수련,,,,,,825.0
h049,불멸의,실버즈 레일리 명왕 - 불멸의,,A0EM,ACbh,!명왕의 검술,,,92500.0,,,
h049,불멸의,실버즈 레일리 명왕 - 불멸의,,A0EO,ACbh,!순속,12.0,,0.0,,,
h04A,불멸의,에드워드 뉴게이트 한시대를 주름잡던 대해적 - 불멸의,,A0FQ,Asph,스피어 흰수염 해적단,,,,0.0,,
h04A,불멸의,에드워드 뉴게이트 한시대를 주름잡던 대해적 - 불멸의,,A0FP,AHad,B대해적의 위압감,,,,,,850.0
h04A,불멸의,에드워드 뉴게이트 한시대를 주름잡던 대해적 - 불멸의,,A0FM,ACbh,!대지진-흰불,0.0,,0.0,,,
h04A,불멸의,에드워드 뉴게이트 한시대를 주름잡던 대해적 - 불멸의,,A0CZ,ACbh,!지진강타-흰불,0.0,,0.0,,,
h04A,불멸의,에드워드 뉴게이트 한시대를 주름잡던 대해적 - 불멸의,,A0CY,ACbh,!흔들흔들 열매,0.0,,0.0,,,
h04B,불멸의,금사자 시키 천신 - 불멸의,,A0T1,ACbh,!바닷물 가두기,20.0,,0.0,,,
h04B,불멸의,금사자 시키 천신 - 불멸의,,A0UL,Asph,스피어 시불,,,,0.0,,
h04B,불멸의,금사자 시키 천신 - 불멸의,,A0T3,Arsg,T특성강화,,,,5.0,,
h04B,불멸의,금사자 시키 천신 - 불멸의,,A0LU,ACbh,!사자 떨어트리기,0.0,,0.0,,,
h04B,불멸의,금사자 시키 천신 - 불멸의,,A0LR,ACbh,!참파,0.0,,0.0,,,
h04B,불멸의,금사자 시키 천신 - 불멸의,,A0LS,ACbh,!천신,18.0,,700000.0,,,
h04B,불멸의,금사자 시키 천신 - 불멸의,,A0LT,ACbh,!둥실둥실열매,0.0,,0.0,,,
h04C,불멸의,몽키.D.거프 해군영웅 주먹의 거프 - 불멸의,,A0VE,AHad,B영웅,,,,,,
h04C,불멸의,몽키.D.거프 해군영웅 주먹의 거프 - 불멸의,,A0UM,Asph,스피어 거불,,,,0.0,,
h04C,불멸의,몽키.D.거프 해군영웅 주먹의 거프 - 불멸의,,A0LP,Arsg,T특성강화,,,,5.0,,
h04C,불멸의,몽키.D.거프 해군영웅 주먹의 거프 - 불멸의,,A0GY,ACbh,!특제대포환,0.0,,0.0,,,
h04C,불멸의,몽키.D.거프 해군영웅 주먹의 거프 - 불멸의,,A04V,ACbh,!육식-체-거프,0.0,,0.0,,,
h04C,불멸의,몽키.D.거프 해군영웅 주먹의 거프 - 불멸의,,A044,ACbh,!패기의 주먹,20.0,5.0,250000.0,,,
h04C,불멸의,몽키.D.거프 해군영웅 주먹의 거프 - 불멸의,,A0FU,ACbh,!주먹의거프-거불,0.0,,200000.0,,,
h04D,불멸의,몽키.D.드래곤 혁명군의 수장 - 불멸의,,A0V0,Arsg,T특성강화,,,,5.0,,
h04D,불멸의,몽키.D.드래곤 혁명군의 수장 - 불멸의,,A0JV,Asph,스피어 혁명군,,,,0.0,,
h04D,불멸의,몽키.D.드래곤 혁명군의 수장 - 불멸의,,A0FT,ACbh,!폭풍-드불,0.0,,0.0,,,
h04D,불멸의,몽키.D.드래곤 혁명군의 수장 - 불멸의,,A0FS,ACbh,!용오름-드불,0.0,,0.0,,,
h04D,불멸의,몽키.D.드래곤 혁명군의 수장 - 불멸의,,A06G,ACbh,!바람바람열매,0.0,,0.0,,,
h04D,불멸의,몽키.D.드래곤 혁명군의 수장 - 불멸의,,A04L,AOae,$드래곤-혁명가,,,,,,
h04E,불멸의,"센고쿠 해군원수 ""부처님"" - 불멸의",,A16P,ACbh,!포격지원,0.0,,0.0,,,
h04E,불멸의,"센고쿠 해군원수 ""부처님"" - 불멸의",,A0G9,ACbh,!충격파,0.0,,0.0,,,
h04E,불멸의,"센고쿠 해군원수 ""부처님"" - 불멸의",,A0WS,Arsg,T특성강화,,,,5.0,,
h04E,불멸의,"센고쿠 해군원수 ""부처님"" - 불멸의",,A062,ACac,#해군원수,,,,,,99999.0
h04E,불멸의,"센고쿠 해군원수 ""부처님"" - 불멸의",,A142,ACac,#해군원수-자신만적용,,,,,,850.0
h04E,불멸의,"센고쿠 해군원수 ""부처님"" - 불멸의",,A0TZ,ACce,!사람사람열매,,,,,,385.0
h04E,불멸의,"센고쿠 해군원수 ""부처님"" - 불멸의",,A0D8,ACbh,!부처의 일격 센불,0.0,,0.0,,,
h04F,불멸의,스코퍼 가반 로져 해적단의 검호 - 불멸의,,A120,AIcb,가반 방깎-광폭화/보스,,,,,,
h04F,불멸의,스코퍼 가반 로져 해적단의 검호 - 불멸의,,A0DP,ACbh,!무장색의 패기-가반,45.0,,350000.0,,,
h04F,불멸의,스코퍼 가반 로져 해적단의 검호 - 불멸의,,A0H5,ACbh,!마음의 눈,55.0,6.25,0.0,,,
h04F,불멸의,스코퍼 가반 로져 해적단의 검호 - 불멸의,,A0ET,ACbh,!급소베기-가반,13.0,6.25,0.0,,,
h04F,불멸의,스코퍼 가반 로져 해적단의 검호 - 불멸의,,A0EJ,AIcb,가반 방깎,,,,,,
h04F,불멸의,스코퍼 가반 로져 해적단의 검호 - 불멸의,,A04F,ACac,#천왕의 검술1,,,,,,200.0
h04G,불멸의,"제트 해군 스승 ""Z"" - 불멸의",,A0JZ,Arsg,T특성강화,,,,5.0,,
h04G,불멸의,"제트 해군 스승 ""Z"" - 불멸의",,A0OT,ACbh,!다이나 스톤-제불,0.0,,0.0,,,
h04G,불멸의,"제트 해군 스승 ""Z"" - 불멸의",,A0OS,ANbl,D체-제트불멸,,,,5.0,,
h04G,불멸의,"제트 해군 스승 ""Z"" - 불멸의",,A05P,ACbh,!대구경 탄환2,100.0,,50000.0,,,
h04G,불멸의,"제트 해군 스승 ""Z"" - 불멸의",,A09E,ACbh,!차지 버스터,0.0,,0.0,,,
h04G,불멸의,"제트 해군 스승 ""Z"" - 불멸의",,A0DY,AOae,A신념,,,,,,
h04I,초월함,"도플라밍고 ""어둠의 조커""드레스로자의 악몽 - 초월함",,A0RV,Arsg,T특성강화,,,,5.0,,
h04I,초월함,"도플라밍고 ""어둠의 조커""드레스로자의 악몽 - 초월함",,A0VD,ACbh,!다중절단,0.0,,0.0,,,
h04I,초월함,"도플라밍고 ""어둠의 조커""드레스로자의 악몽 - 초월함",,A061,ACbh,!하늘귀신,0.0,,0.0,,,
h04I,초월함,"도플라밍고 ""어둠의 조커""드레스로자의 악몽 - 초월함",,A0HC,ACbh,!오색실,0.0,,0.0,,,
h04I,초월함,"도플라밍고 ""어둠의 조커""드레스로자의 악몽 - 초월함",,A0VY,ACbh,!오버히트,0.0,,0.0,,,
h04I,초월함,"도플라밍고 ""어둠의 조커""드레스로자의 악몽 - 초월함",,A0DF,ACbh,!실실열매,0.0,,0.0,,,
h04I,초월함,"도플라밍고 ""어둠의 조커""드레스로자의 악몽 - 초월함",,A07O,Asph,스피어 초월함,,,,0.0,,
h04I,초월함,"도플라밍고 ""어둠의 조커""드레스로자의 악몽 - 초월함",,A0AL,AEme,6변신,,,,6.0,,
h04J,불멸의,골.D.로져 해적왕 - 불멸의,,A0KB,ANpi,!해적왕의 패기,,,,,,900.0
h04J,불멸의,골.D.로져 해적왕 - 불멸의,,A0FN,ACbh,!고대병기,0.0,,0.0,,,
h04J,불멸의,골.D.로져 해적왕 - 불멸의,,A0FO,ACac,#만물을 듣는 힘-로져1,,,,,,850.0
h04J,불멸의,골.D.로져 해적왕 - 불멸의,,A0FI,ACbh,!카무사리,12.5,,500000.0,,,
h04J,불멸의,골.D.로져 해적왕 - 불멸의,,A0FD,AHad,B해적왕의 위엄,,,,,,850.0
h04J,불멸의,골.D.로져 해적왕 - 불멸의,,A0AR,Aasl,로저 이동속도 감소1,,,,,,825.0
h04K,초월함,징베 어인협객 - 초월함,,A0X1,AIba,!내가중수,,,,,,850.0
h04K,초월함,징베 어인협객 - 초월함,,A0WX,ACbh,!해류 한판 엎어치기,0.0,,0.0,,,
h04K,초월함,징베 어인협객 - 초월함,,A0WL,AOae,$의협,,,,,,850.0
h04K,초월함,징베 어인협객 - 초월함,,A0X0,ACbh,!어인공수도-징베,40.0,,0.0,,,
h04K,초월함,징베 어인협객 - 초월함,,A0WM,AIba,!무뢰관,,,,,,0.0
h04K,초월함,징베 어인협객 - 초월함,,A07O,Asph,스피어 초월함,,,,0.0,,
h04L,초월함,보르살리노 해군대장 키자루  - 초월함,,A0P1,ACbh,!빛의 기둥,0.0,,0.0,,,
h04L,초월함,보르살리노 해군대장 키자루  - 초월함,,A0JM,ACbh,!빛의 발차기,0.0,,0.0,,,
h04L,초월함,보르살리노 해군대장 키자루  - 초월함,,A0HJ,ACbh,!팔척경곡옥,0.0,,0.0,,,
h04L,초월함,보르살리노 해군대장 키자루  - 초월함,,A0CS,ACbh,!빛빛열매,,8.880000114440918,0.0,,,
h04L,초월함,보르살리노 해군대장 키자루  - 초월함,,A0CR,ANbl,D키자루 빛의 이동,,,,2.0,,
h04L,초월함,보르살리노 해군대장 키자루  - 초월함,,A07O,Asph,스피어 초월함,,,,0.0,,
h04M,초월함,마샬.D.티치 지진과 어둠의 검은수염 - 초월함,,A0G9,ACbh,!충격파,0.0,,0.0,,,
h04M,초월함,마샬.D.티치 지진과 어둠의 검은수염 - 초월함,,A0WS,Arsg,T특성강화,,,,5.0,,
h04M,초월함,마샬.D.티치 지진과 어둠의 검은수염 - 초월함,,A062,ACac,#해군원수,,,,,,99999.0
h04M,초월함,마샬.D.티치 지진과 어둠의 검은수염 - 초월함,,A142,ACac,#해군원수-자신만적용,,,,,,850.0
h04M,초월함,마샬.D.티치 지진과 어둠의 검은수염 - 초월함,,A0TZ,ACce,!사람사람열매,,,,,,385.0
h04M,초월함,마샬.D.티치 지진과 어둠의 검은수염 - 초월함,,A0D8,ACbh,!부처의 일격 센불,0.0,,0.0,,,
h04N,초월함,사보 혁명군 참모총장 - 초월함,,A0HF,ACbh,!이글이글열매,0.0,,0.0,,,
h04N,초월함,사보 혁명군 참모총장 - 초월함,,A0HE,ACbh,!화염용왕,0.0,,0.0,,,
h04N,초월함,사보 혁명군 참모총장 - 초월함,,A0HA,ACbh,!용의 숨결,,4.0,0.0,,,
h04N,초월함,사보 혁명군 참모총장 - 초월함,,A0H2,AHad,B용조권,,,,,,850.0
h04N,초월함,사보 혁명군 참모총장 - 초월함,,A0E6,AOae,A투기,,,,,,800.0
h04N,초월함,사보 혁명군 참모총장 - 초월함,,A07O,Asph,스피어 초월함,,,,0.0,,
h04O,영원한,음표 병사 우타우타열매 - 영원한,,A17A,Apiv,음표-영구인비저블리티,,,,,,
h04O,영원한,음표 병사 우타우타열매 - 영원한,,A17B,AIsx,!!!,,,,,,
h04O,영원한,음표 병사 우타우타열매 - 영원한,,A07O,Asph,스피어 초월함,,,,0.0,,
h04P,초월함,"각성 도플라밍고 ""어둠의 조커""드레스로자의 악몽 - 초월함",,A061,ACbh,!하늘귀신,0.0,,0.0,,,
h04P,초월함,"각성 도플라밍고 ""어둠의 조커""드레스로자의 악몽 - 초월함",,A0VY,ACbh,!오버히트,0.0,,0.0,,,
h04P,초월함,"각성 도플라밍고 ""어둠의 조커""드레스로자의 악몽 - 초월함",,A07O,Asph,스피어 초월함,,,,0.0,,
h04P,초월함,"각성 도플라밍고 ""어둠의 조커""드레스로자의 악몽 - 초월함",,A0AL,AEme,6변신,,,,6.0,,
h04P,초월함,"각성 도플라밍고 ""어둠의 조커""드레스로자의 악몽 - 초월함",,A0AK,ACbh,!흉탄,20.0,,0.0,,,
h04P,초월함,"각성 도플라밍고 ""어둠의 조커""드레스로자의 악몽 - 초월함",,A0AJ,AHad,B열매각성 방깍,,,,,,850.0
h04Q,불멸의,빅 맘 강철 풍선 - 불멸의,,A0IU,ACbh,!대자재천신,0.0,,0.0,,,
h04Q,불멸의,빅 맘 강철 풍선 - 불멸의,,A0IT,ACbh,!강철 풍선,20.0,,0.0,,,
h04Q,불멸의,빅 맘 강철 풍선 - 불멸의,,A060,ACbh,!프로메테우스,0.0,,0.0,,,
h04Q,불멸의,빅 맘 강철 풍선 - 불멸의,,A0DT,AOae,A흉포한 광기,,,,,,888.0
h04Q,불멸의,빅 맘 강철 풍선 - 불멸의,,A14R,ACbh,!영혼 포식,0.0,,0.0,,,
h04R,초월함,몽키.D.루피 명왕 레일리의 제자 - 초월함,,A0TY,Asph,스피어 루피초월,,,,0.0,,
h04R,초월함,몽키.D.루피 명왕 레일리의 제자 - 초월함,,A0LN,Arsg,T특성강화,,,,5.0,,
h04R,초월함,몽키.D.루피 명왕 레일리의 제자 - 초월함,,A0KE,ACbh,!숙련된 패기,6.25,,625000.0,,,
h04R,초월함,몽키.D.루피 명왕 레일리의 제자 - 초월함,,A0KD,ACbh,!기간트 개틀링,0.0,,0.0,,,
h04R,초월함,몽키.D.루피 명왕 레일리의 제자 - 초월함,,A0KA,ACbh,!레드호크,10.619999885559082,,1062500.0,,,
h04R,초월함,몽키.D.루피 명왕 레일리의 제자 - 초월함,,A051,ACbh,!고무고무 열매,18.0,5.0,0.0,,,
h04R,초월함,몽키.D.루피 명왕 레일리의 제자 - 초월함,,A07O,Asph,스피어 초월함,,,,0.0,,
h04S,초월함,바솔로뮤 쿠마 마지막 의식을 가진 혁명군 - 초월함,,A07O,Asph,스피어 초월함,,,,0.0,,
h04T,초월함,브룩 소울 킹 - 초월함,,A0R0,Arsg,T특성강화,,,,5.0,,
h04T,초월함,브룩 소울 킹 - 초월함,,A0Q7,AOae,A자장가 프람,,,,,,99999.0
h04T,초월함,브룩 소울 킹 - 초월함,,A0HY,ACbh,!판타지아,0.0,,0.0,,,
h04T,초월함,브룩 소울 킹 - 초월함,,A0SR,AOae,A오바드 꾸 드로와,,,,,,875.0
h04T,초월함,브룩 소울 킹 - 초월함,,A04D,ACbh,!소울 솔리드,17.5,,0.0,,,
h04T,초월함,브룩 소울 킹 - 초월함,,A0AP,AHfa,!프렐류드 브룩초월,,,,,,
h04T,초월함,브룩 소울 킹 - 초월함,,A07O,Asph,스피어 초월함,,,,0.0,,
h04U,초월함,샹크스 마린포드 정상해전 종결자 - 초월함,,A0S2,Arsg,T특성강화,,,,5.0,,
h04U,초월함,샹크스 마린포드 정상해전 종결자 - 초월함,,A0I2,ANpi,!패왕색의패기- 샹크스초월,,,,,,1051.0
h04U,초월함,샹크스 마린포드 정상해전 종결자 - 초월함,,A0I1,AOae,$카리스마1,,,,,,
h04U,초월함,샹크스 마린포드 정상해전 종결자 - 초월함,,A0I0,ACbh,!하늘을 찢는 패기,0.0,,0.0,,,
h04U,초월함,샹크스 마린포드 정상해전 종결자 - 초월함,,A03W,ACbh,!패기의 검술,12.0,10.0,500000.0,,,
h04U,초월함,샹크스 마린포드 정상해전 종결자 - 초월함,,A07O,Asph,스피어 초월함,,,,0.0,,
h04V,초월함,쿠잔 전 해군대장 아오키지  - 초월함,,A0ZG,ACbh,!아이스에이지-아오초,0.0,,0.0,,,
h04V,초월함,쿠잔 전 해군대장 아오키지  - 초월함,,A0ZF,Afra,!아이스 사브르1,,,,,,
h04V,초월함,쿠잔 전 해군대장 아오키지  - 초월함,,A0SU,Arsg,T특성강화,,,,5.0,,
h04V,초월함,쿠잔 전 해군대장 아오키지  - 초월함,,A0FR,ACbh,!아이스타임-아오초,0.0,,0.0,,,
h04V,초월함,쿠잔 전 해군대장 아오키지  - 초월함,,A0G1,ACbh,!페잔트백-아오초1,0.0,,0.0,,,
h04V,초월함,쿠잔 전 해군대장 아오키지  - 초월함,,A0D5,AOae,A!빙빙열매,,,,,,825.0
h04V,초월함,쿠잔 전 해군대장 아오키지  - 초월함,,A07O,Asph,스피어 초월함,,,,0.0,,
h04W,초월함,우솝 10톤해머 G.O.D - 초월함,,A0TH,AHad,B우솝갓,,,,,,1085.0
h04W,초월함,우솝 10톤해머 G.O.D - 초월함,,A0PH,AHad,B우솝의 허풍1,,,,,,99999.0
h04W,초월함,우솝 10톤해머 G.O.D - 초월함,,A0G4,ACbh,!화염성,100.0,,0.0,,,
h04W,초월함,우솝 10톤해머 G.O.D - 초월함,,A0F7,ACbh,!파이어버드스타-우솝초월,0.0,,0.0,,,
h04W,초월함,우솝 10톤해머 G.O.D - 초월함,,A07O,Asph,스피어 초월함,,,,0.0,,
h04W,초월함,우솝 10톤해머 G.O.D - 초월함,,A0AF,AEme,6변신1,,,,45.0,,
h04W,초월함,우솝 10톤해머 G.O.D - 초월함,,A0AG,ACbh,10톤 해머,20.0,7.0,0.0,,,
h04X,초월함,우솝 G.O.D - 초월함,,A0TH,AHad,B우솝갓,,,,,,1085.0
h04X,초월함,우솝 G.O.D - 초월함,,A0PH,AHad,B우솝의 허풍1,,,,,,99999.0
h04X,초월함,우솝 G.O.D - 초월함,,A0LQ,Arsg,T특성강화,,,,5.0,,
h04X,초월함,우솝 G.O.D - 초월함,,A0HK,ACbh,!저격왕-우솝초,,3.5,0.0,,,
h04X,초월함,우솝 G.O.D - 초월함,,A0F7,ACbh,!파이어버드스타-우솝초월,0.0,,0.0,,,
h04X,초월함,우솝 G.O.D - 초월함,,A0G4,ACbh,!화염성,100.0,,0.0,,,
h04X,초월함,우솝 G.O.D - 초월함,,A07O,Asph,스피어 초월함,,,,0.0,,
h04X,초월함,우솝 G.O.D - 초월함,,A0AF,AEme,6변신1,,,,45.0,,
h04Y,불멸의,광분한 빅 맘 강철 풍선 - 불멸의,,A0QE,AIsx,상초강 공속,,,,,,
h04Y,불멸의,광분한 빅 맘 강철 풍선 - 불멸의,,A060,ACbh,!프로메테우스,0.0,,0.0,,,
h04Y,불멸의,광분한 빅 맘 강철 풍선 - 불멸의,,A0DU,AEme,6변신,,,,8.0,,
h04Y,불멸의,광분한 빅 맘 강철 풍선 - 불멸의,,A0DT,AOae,A흉포한 광기,,,,,,888.0
h04Y,불멸의,광분한 빅 맘 강철 풍선 - 불멸의,,A0IT,ACbh,!강철 풍선,20.0,,0.0,,,
h04Z,초월함,쵸파 밀짚모자 해적단 의사 - 초월함,,A0ZI,AEme,6변신1,,,,10.75,,
h04Z,초월함,쵸파 밀짚모자 해적단 의사 - 초월함,,A0Z9,ACbh,!괴풍,0.0,,0.0,,,
h04Z,초월함,쵸파 밀짚모자 해적단 의사 - 초월함,,A0SM,ACbh,!용용열매-열식,0.0,,0.0,,,
h04Z,초월함,쵸파 밀짚모자 해적단 의사 - 초월함,,A0SB,AOae,A덩쿨 뿌리1,,,,,,500.0
h04Z,초월함,쵸파 밀짚모자 해적단 의사 - 초월함,,A0ZV,ACbh,!브레스-카이도,30.0,1.0,1.0,,,
h04Z,초월함,쵸파 밀짚모자 해적단 의사 - 초월함,,A13H,AHtb,!초월위습-랜덤 조합유닛선택권,,,,3.0,99999.0,
h050,초월함,"시라호시 ""포세이돈"" 해왕류를 다스리는 인어공주 - 초월함",,A0WV,Arsg,T특성강화,,,,5.0,,
h050,초월함,"시라호시 ""포세이돈"" 해왕류를 다스리는 인어공주 - 초월함",,A0HH,ACbh,!해왕류 다이브-패시브,0.0,,0.0,,,
h050,초월함,"시라호시 ""포세이돈"" 해왕류를 다스리는 인어공주 - 초월함",,A0HN,ACbh,!인어공주,17.0,3.0,250000.0,,,
h050,초월함,"시라호시 ""포세이돈"" 해왕류를 다스리는 인어공주 - 초월함",,A0HI,ACbh,!해왕류 대습격-시라호시패시브,0.0,,0.0,,,
h050,초월함,"시라호시 ""포세이돈"" 해왕류를 다스리는 인어공주 - 초월함",,A0EQ,ACbh,!해류조정-시라호시,0.0,,0.0,,,
h050,초월함,"시라호시 ""포세이돈"" 해왕류를 다스리는 인어공주 - 초월함",,A07O,Asph,스피어 초월함,,,,0.0,,
h051,초월함,아카이누 신 해군원수  - 초월함,,A0YQ,ACbh,!철저한 정의,0.0,,0.0,,,
h051,초월함,아카이누 신 해군원수  - 초월함,,A0LO,Arsg,T특성강화,,,,0.5,0.0,
h051,초월함,아카이누 신 해군원수  - 초월함,,A0HG,ACbh,!유성화산-아카초,0.0,,0.0,,,
h051,초월함,아카이누 신 해군원수  - 초월함,,A0HB,ACbh,!명구,0.0,,0.0,,,
h051,초월함,아카이누 신 해군원수  - 초월함,,A0E8,ACbh,!지천을 녹이는열기-아카초,0.0,,0.0,,,
h051,초월함,아카이누 신 해군원수  - 초월함,,A06S,ACbh,!용암용암열매,0.0,,0.0,,,
h051,초월함,아카이누 신 해군원수  - 초월함,,A07O,Asph,스피어 초월함,,,,0.0,,
h052,초월함,쵸파 슈퍼 쵸파 탱크 - 초월함,,A0HM,ACbh,!쵸파 탱크,0.0,,0.0,,,
h052,초월함,쵸파 슈퍼 쵸파 탱크 - 초월함,,A0HL,AHad,B애교-쵸초,,,,,,825.0
h052,초월함,쵸파 슈퍼 쵸파 탱크 - 초월함,,A0H8,AOae,$스피드포인트-초월,,,,,,825.0
h052,초월함,쵸파 슈퍼 쵸파 탱크 - 초월함,,A04G,ACac,#선의-쵸초,,,,,,850.0
h052,초월함,쵸파 슈퍼 쵸파 탱크 - 초월함,,A0G8,ACac,#의료품-쵸초,,,,,,850.0
h052,초월함,쵸파 슈퍼 쵸파 탱크 - 초월함,,A07O,Asph,스피어 초월함,,,,0.0,,
h053,초월함,프랑키 무적의 아이언 파이러츠 - 초월함,,A0G7,AOws,!조선공,,,,200.0,,0.0
h053,초월함,프랑키 무적의 아이언 파이러츠 - 초월함,,A0G6,ACbh,!프랑키 라디칼 빔,0.0,,0.0,,,
h053,초월함,프랑키 무적의 아이언 파이러츠 - 초월함,,A0AC,AIba,!솔져도크 시스템,,,,,,800.0
h053,초월함,프랑키 무적의 아이언 파이러츠 - 초월함,,A0AD,AIba,!베가펑크의 지식,,,,,,715.0
h053,초월함,프랑키 무적의 아이언 파이러츠 - 초월함,,A069,ACbh,!꾸드방-프랑초,0.0,,0.0,,,
h053,초월함,프랑키 무적의 아이언 파이러츠 - 초월함,,A07O,Asph,스피어 초월함,,,,0.0,,
h054,랜덤전용,mm 랜덤전용,,A10T,Arsg,T특성강화,,,,5.0,,
h054,랜덤전용,mm 랜덤전용,,A0CQ,ANbl,D수술열매 워프1,,,,8.0,,
h054,랜덤전용,mm 랜덤전용,,A0J9,ACbh,!수술수술열매 '분해',0.0,,0.0,,,
h054,랜덤전용,mm 랜덤전용,,A0I3,ACbh,!샴블즈,0.0,,0.0,,,
h054,랜덤전용,mm 랜덤전용,,A07O,Asph,스피어 초월함,,,,0.0,,
h054,랜덤전용,mm 랜덤전용,,A04Z,ACce,!요도 - 키쿄쿠1,,,,,,375.0
h054,랜덤전용,mm 랜덤전용,,A05I,AIcs,!수술수술열매- 룸,,,,,,
h057,영원한,알라바스타의 왕녀-ver파이러츠 네펠타리 비비 - 영원한,,A0US,Asph,스피어 비비영원,,,,0.0,,
h057,영원한,알라바스타의 왕녀-ver파이러츠 네펠타리 비비 - 영원한,,A0M1,ACbh,!3연사,0.0,,0.0,,,
h057,영원한,알라바스타의 왕녀-ver파이러츠 네펠타리 비비 - 영원한,,A0QI,ACbh,!난사,0.0,,0.0,,,
h057,영원한,알라바스타의 왕녀-ver파이러츠 네펠타리 비비 - 영원한,,A0OU,ACbh,!웨스턴 액션,0.0,5.0,0.0,,,
h057,영원한,알라바스타의 왕녀-ver파이러츠 네펠타리 비비 - 영원한,,A0M2,ACbh,!헤드샷,0.0,,0.0,,,
h057,영원한,알라바스타의 왕녀-ver파이러츠 네펠타리 비비 - 영원한,,A0M0,Arsg,T알라바스타 강화-비영,,,,5.0,,
h057,영원한,알라바스타의 왕녀-ver파이러츠 네펠타리 비비 - 영원한,,A0LZ,ACbh,!알라바스타-비영,10.0,5.0,0.0,,,
h058,영원한,세계 최강의 대검호 쥬라클 미호크 - 영원한,,A0HP,AOae,A매의눈,,,,,,
h058,영원한,세계 최강의 대검호 쥬라클 미호크 - 영원한,,A0I4,ACce,!흑도 요루,,,,,,415.0
h058,영원한,세계 최강의 대검호 쥬라클 미호크 - 영원한,,A0HV,ACbh,!흑도-일섬,14.0,3.5,0.0,,,
h058,영원한,세계 최강의 대검호 쥬라클 미호크 - 영원한,,A0G3,ACbh,!최강의 참격,100.0,,0.0,,,
h058,영원한,세계 최강의 대검호 쥬라클 미호크 - 영원한,,A0CX,ACbh,!흑도 밤 폭풍-패기를머금은 흑도,0.0,,0.0,,,
h059,영원한,'화권의' 포트거스.D.에이스 - 영원한,,A0IK,ACbh,!불기둥,0.0,,0.0,,,
h059,영원한,'화권의' 포트거스.D.에이스 - 영원한,,A0FF,AOae,A대염계1,,,,,,
h059,영원한,'화권의' 포트거스.D.에이스 - 영원한,,A0GG,ACbh,!염제-에영,0.0,,0.0,,,
h059,영원한,'화권의' 포트거스.D.에이스 - 영원한,,A068,ACbh,!이글이글열매,0.0,,0.0,,,
h059,영원한,'화권의' 포트거스.D.에이스 - 영원한,,A0MB,ACbh,!이글이글열매 - 형화 화달마,0.0,,0.0,,,
h059,영원한,'화권의' 포트거스.D.에이스 - 영원한,,A0CD,Asph,스피어 에변,,,,0.0,,
h05A,영원한,천냥광대 버기 - 영원한,,A0W2,AEfk,!수전노1,,,,1.25,,0.0
h05A,영원한,천냥광대 버기 - 영원한,,A0RE,Aasl,버기 이동속도 감소,,,,,,800.0
h05A,영원한,천냥광대 버기 - 영원한,,A0M8,ACbh,!해적파견조직총수,7.769999980926514,7.769999980926514,3333333.0,,,
h05A,영원한,천냥광대 버기 - 영원한,,A0M7,AHad,B전설을 살아가는 사나이,,,,,,800.0
h05A,영원한,천냥광대 버기 - 영원한,,A03L,AOae,$허세,,,,,,825.0
h05A,영원한,천냥광대 버기 - 영원한,,A04E,ACac,#언변,,,,,,825.0
h05B,영원한,해적왕자-롬멜의 카마이타치 카벤딧슈 - 영원한,,A0F3,ACbh,!기면증,0.0,,0.0,,,
h05B,영원한,해적왕자-롬멜의 카마이타치 카벤딧슈 - 영원한,,A0F2,ACbh,!미검 백조의호수,0.0,,0.0,,,
h05B,영원한,해적왕자-롬멜의 카마이타치 카벤딧슈 - 영원한,,A0F0,ACbh,!미검 블루버드,0.0,,0.0,,,
h05B,영원한,해적왕자-롬멜의 카마이타치 카벤딧슈 - 영원한,,A0EC,AHad,B미공자,,,,,,
h05B,영원한,해적왕자-롬멜의 카마이타치 카벤딧슈 - 영원한,,A0EA,ACbh,!듀랜달,20.0,10.0,400000.0,,,
h05C,영원한,'아마존릴리의 여제'  보아 핸콕 - 영원한,,A0RN,Arsg,T특성강화,,,,5.0,,
h05C,영원한,'아마존릴리의 여제'  보아 핸콕 - 영원한,,A0J8,ACbh,!패왕색의패기 -핸콕,0.0,,0.0,,,
h05C,영원한,'아마존릴리의 여제'  보아 핸콕 - 영원한,,A0J7,ACbh,!쿠사의 패기,,8.0,500000.0,,,
h05C,영원한,'아마존릴리의 여제'  보아 핸콕 - 영원한,,A0IN,ACbh,!파퓸 페뮤르,0.0,,0.0,,,
h05C,영원한,'아마존릴리의 여제'  보아 핸콕 - 영원한,,A0IM,AHad,B석화-핸영,,,,,,850.0
h05C,영원한,'아마존릴리의 여제'  보아 핸콕 - 영원한,,A0RO,Absk,매료매료열매-영원 액티브,,,,9.0,,
h05E,제한됨,에넬 G.O.D - 제한됨,,A0DB,Aroc,!쿠릉쿠릉열매,,,,0.0,,600.0
h05E,제한됨,에넬 G.O.D - 제한됨,,A0U4,AIba,!전류방출-에넬제한,,,,,,700.0
h05E,제한됨,에넬 G.O.D - 제한됨,,A0NT,ANbl,D멘트라-제한됨,,,,5.0,,
h05E,제한됨,에넬 G.O.D - 제한됨,,A05M,ACbh,!뇌영,50.0,,500000.0,,,
h05F,제한됨,크로커다일 사막의 악어 - 제한됨,,A0EE,ACbh,!사막의 대검,0.0,,0.0,,,
h05F,제한됨,크로커다일 사막의 악어 - 제한됨,,A0CL,Asph,스피어 크로커 제한됨,,,,0.0,,
h05F,제한됨,크로커다일 사막의 악어 - 제한됨,,A0CK,ACbh,!금강보도,0.0,,0.0,,,
h05F,제한됨,크로커다일 사막의 악어 - 제한됨,,A0CJ,AHad,B!수분흡수1,,,,,,850.0
h05F,제한됨,크로커다일 사막의 악어 - 제한됨,,A0CG,AOae,!모래모래 열매,,,,,,800.0
h05G,제한됨,패트릭 레드필드 붉은백작 - 제한됨,,A0G5,ACbh,!휩쓸기-패트릭,0.0,,0.0,,,
h05G,제한됨,패트릭 레드필드 붉은백작 - 제한됨,,A0GM,ACbh,!끓어오르는피,20.0,,252500.0,,,
h05G,제한됨,패트릭 레드필드 붉은백작 - 제한됨,,A0W7,ANbl,D박쥐박쥐열매,,,,3.5,,
h05G,제한됨,패트릭 레드필드 붉은백작 - 제한됨,,A0GK,ACbh,!단신 최강,100.0,,850000.0,,,
h05G,제한됨,패트릭 레드필드 붉은백작 - 제한됨,,A0AS,AIsx,!패트릭 공속증가 아이템1,,,,,,
h05H,특수함,모건 타락한 해군 - 특수함,,A0EP,ACbh,!탐욕-모건,11.0,8.0,50000.0,,,
h05I,제한됨,레베카 콜로세움 전설의  후예 - 제한됨,,A0QW,ACbh,!전설의 후예,0.0,,0.0,,,
h05I,제한됨,레베카 콜로세움 전설의  후예 - 제한됨,,A0QV,ACbh,!배수의 검무,16.0,2.5,0.0,,,
h05I,제한됨,레베카 콜로세움 전설의  후예 - 제한됨,,A0IV,ACbh,!트루에노 바스타드,33.0,,0.0,,,
h05I,제한됨,레베카 콜로세움 전설의  후예 - 제한됨,,A0H4,AHad,B급소분석,,,,,,850.0
h04H,희귀함,쥬라클 미호크 칠무해 - 희귀함,,A07Y,Absk,!#@#!!창고로 이동,,,,0.009999999776482582,,
h04H,희귀함,쥬라클 미호크 칠무해 - 희귀함,,A0CW,ACbh,!흑도 요루,0.0,,0.0,,,
h04H,희귀함,쥬라클 미호크 칠무해 - 희귀함,,A0B9,AHpx,!@#판매,,,,0.0,,0.0
h05K,희귀함,페로나 홀로홀로열매-네거티브 - 희귀함,,A07Y,Absk,!#@#!!창고로 이동,,,,0.009999999776482582,,
h05K,희귀함,페로나 홀로홀로열매-네거티브 - 희귀함,,A064,AOae,홀로홀로열매,,,,,,800.0
h05K,희귀함,페로나 홀로홀로열매-네거티브 - 희귀함,,A0B9,AHpx,!@#판매,,,,0.0,,0.0
h05L,희귀함,사보 혁명군 참모 - 희귀함,,A0PF,AHad,B참모장,,,,,,800.0
h05L,희귀함,사보 혁명군 참모 - 희귀함,,A0JV,Asph,스피어 혁명군,,,,0.0,,
h05L,희귀함,사보 혁명군 참모 - 희귀함,,A07Y,Absk,!#@#!!창고로 이동,,,,0.009999999776482582,,
h05L,희귀함,사보 혁명군 참모 - 희귀함,,A0B9,AHpx,!@#판매,,,,0.0,,0.0
h05M,초월함,후지토라 해군 대장 '성난 보라호랑이' - 초월함,,A0GR,ACbh,!중력장,0.0,,0.0,,,
h05M,초월함,후지토라 해군 대장 '성난 보라호랑이' - 초월함,,A0GV,ACbh,!씽크홀,0.0,,0.0,,,
h05M,초월함,후지토라 해군 대장 '성난 보라호랑이' - 초월함,,A0FW,AOae,A중력중력열매,,,,,,
h05M,초월함,후지토라 해군 대장 '성난 보라호랑이' - 초월함,,A0FY,ACbh,!중력검,0.0,,0.0,,,
h05M,초월함,후지토라 해군 대장 '성난 보라호랑이' - 초월함,,A0E7,ACbh,!중압,0.0,,0.0,,,
h05M,초월함,후지토라 해군 대장 '성난 보라호랑이' - 초월함,,A07O,Asph,스피어 초월함,,,,0.0,,
h05O,특수함,아이스버그 워터세븐의 조선공 - 특수함,,A0Q3,AOws,!조선공-아이스버그,,,,200.0,,0.0
h05O,특수함,아이스버그 워터세븐의 조선공 - 특수함,,A0IL,ACbh,!조선공의 망치,50.0,,500000.0,,,
h05P,특수함,요정 드레스로자 지하 톤타타왕국의 소인족 - 특수함,,A0OV,Asph,스피어 요정날개,,,,0.0,,
h05P,특수함,요정 드레스로자 지하 톤타타왕국의 소인족 - 특수함,,A0A9,AHtb,요정 도둑질,,,,100.0,250.0,
h05Q,특수함,블고리 임펠다운 간수 - 특수함,,A0EF,AHad,B간수,,,,,,850.0
h05R,특수함,페루 알라바스타의 수호신 - 특수함,,A0PE,ACac,#왕가의 수호신,,,,,,650.0
h05R,특수함,페루 알라바스타의 수호신 - 특수함,,A0PD,Aroa,!격려-페루,,,,40.0,,900.0
h05S,변화된,돈키호테 도플라밍고 하늘귀신 - 변화된,,A061,ACbh,!하늘귀신,0.0,,0.0,,,
h05S,변화된,돈키호테 도플라밍고 하늘귀신 - 변화된,,A0F5,ACbh,!오버히트,0.0,,0.0,,,
h05S,변화된,돈키호테 도플라밍고 하늘귀신 - 변화된,,A067,ACbh,!실실열매,0.0,,0.0,,,
h05T,변화된,벤 베크만 붉은머리 해적단 부선장 - 변화된,,A0PO,ACbh,!제압-벤베크만,0.0,,0.0,,,
h05T,변화된,벤 베크만 붉은머리 해적단 부선장 - 변화된,,A07I,Asph,스피어 코비변이벤베변이,,,,0.0,,
h05T,변화된,벤 베크만 붉은머리 해적단 부선장 - 변화된,,A0JY,ANbl,D도약1,,,,5.0,,
h05T,변화된,벤 베크만 붉은머리 해적단 부선장 - 변화된,,A041,ACbh,!패기의 탄환,20.0,,0.0,,,
h05V,변화된,포트거스.D.에이스 스페이드 해적단 선장 - 변화된,,A131,AOae,A염계,,,,,,
h05V,변화된,포트거스.D.에이스 스페이드 해적단 선장 - 변화된,,A0IJ,ACbh,!불기둥,0.0,,0.0,,,
h05V,변화된,포트거스.D.에이스 스페이드 해적단 선장 - 변화된,,A0D1,ACbh,!이글이글열매,0.0,,0.0,,,
h05V,변화된,포트거스.D.에이스 스페이드 해적단 선장 - 변화된,,A0CD,Asph,스피어 에변,,,,0.0,,
h05W,변화된,비비 알라바스타의 왕녀 - 변화된,,A0WD,Aroc,!공작스트링-비변,,,,0.0,,650.0
h05W,변화된,비비 알라바스타의 왕녀 - 변화된,,A03P,AOae,A공작슬래셔-비변,,,,,,850.0
h05W,변화된,비비 알라바스타의 왕녀 - 변화된,,A0FG,AHad,B매혹의 향수,,,,,,750.0
h05X,희귀함,[히든]실버즈 레일리 세계의 진실을 아는 자 - 희귀함,,A07Y,Absk,!#@#!!창고로 이동,,,,0.009999999776482582,,
h05X,희귀함,[히든]실버즈 레일리 세계의 진실을 아는 자 - 희귀함,,A01S,AHwe,[조합],,,,0.0,,0.0
h05X,희귀함,[히든]실버즈 레일리 세계의 진실을 아는 자 - 희귀함,,A03N,ACbh,!명왕의 검술,10.0,,50000.0,,,
h05X,희귀함,[히든]실버즈 레일리 세계의 진실을 아는 자 - 희귀함,,A0OE,AHpx,!@#판매,,,,0.0,,0.0
h05Y,희귀함,고대의 배 특수 - 희귀함,,A023,AHwe,[조,,,,0.0,,0.0
h05Y,희귀함,고대의 배 특수 - 희귀함,,A0OD,Aroa,!레일리 도박-고대의 배,,,,,,0.0
h05Y,희귀함,고대의 배 특수 - 희귀함,,A0OC,AHtc,!랜덤유닛도박-고대의배1,,,,0.0,,0.0
h05Y,희귀함,고대의 배 특수 - 희귀함,,A0OE,AHpx,!@#판매,,,,0.0,,0.0
h05Z,희귀함,[히든]파이러츠 도킹6 완전한 거대 로봇 전사 - 희귀함,,A07Y,Absk,!#@#!!창고로 이동,,,,0.009999999776482582,,
h05Z,희귀함,[히든]파이러츠 도킹6 완전한 거대 로봇 전사 - 희귀함,,A0B9,AHpx,!@#판매,,,,0.0,,0.0
h065,랜덤전용,메구밍 - 랜덤전용,,A0KK,Arsg,T랜덤유닛강화,,,,5.0,,
h065,랜덤전용,메구밍 - 랜덤전용,,A0LB,ANcl,N폭렬마법1,,,,250.0,1000.0,800.0
h066,초월함,거대식물 보잉열도 생물체 - 초월함,,A07O,Asph,스피어 초월함,,,,0.0,,
h067,영원한,세계의 가희 우타 - 영원한,,A17I,ACbh,!토트 무지카,20.0,,0.0,,,
h067,영원한,세계의 가희 우타 - 영원한,,A16U,AOae,$가희,,,,,,1250.0
h067,영원한,세계의 가희 우타 - 영원한,,A16X,ACce,!노래노래열매-방무뎀,,,,,,350.0
h067,영원한,세계의 가희 우타 - 영원한,,A157,ACbh,!신시대-라이브,20.0,,0.0,,,
h067,영원한,세계의 가희 우타 - 영원한,,A158,ACbh,!우타월드,20.0,,0.0,,,
h067,영원한,세계의 가희 우타 - 영원한,,A159,ACbh,!음표사출,20.0,,0.0,,,
h06O,희귀함,장난감희귀함,,A0J6,Aspt,스폰 히드라-희귀장난감,,,,,,
h06P,전설적인,장난감 - 전설적인,,A0J1,Asph,스피어 슈가 폭탄,,,,0.0,,
h06T,랜덤전용,뱀파이어 - 랜덤전용,,A0KK,Arsg,T랜덤유닛강화,,,,5.0,,
h06T,랜덤전용,뱀파이어 - 랜덤전용,,A0KR,ACbh,!뱀파이어-랜유,0.0,,0.0,,,
h06U,랜덤전용,k' - 랜덤전용,,A0KK,Arsg,T랜덤유닛강화,,,,5.0,,
h06U,랜덤전용,k' - 랜덤전용,,A0KT,ACbh,!체인드라이브,18.0,6.25,400000.0,,,
h06U,랜덤전용,k' - 랜덤전용,,A0KS,ANbl,D블랙아웃-랜유,,,,8.0,,
h06V,랜덤전용,나루토 선인모드 - 랜덤전용,,A0L1,ACbh,!대옥나선환,0.0,,0.0,,,
h06V,랜덤전용,나루토 선인모드 - 랜덤전용,,A0Y3,AHwe,[조합],,,,0.0,,0.0
h06V,랜덤전용,나루토 선인모드 - 랜덤전용,,A0KO,ACbh,!풍둔 나선 수리검,0.0,,0.0,,,
h06W,랜덤전용,요츠바! - 랜덤전용,,A0KK,Arsg,T랜덤유닛강화,,,,5.0,,
h06W,랜덤전용,요츠바! - 랜덤전용,,A0KI,AIba,!동심,,,,,,750.0
h06X,랜덤전용,센토 이스즈 - 랜덤전용,,A0ZT,AHwe,[조합]+랜유랜덤,,,,0.0,,0.0
h06X,랜덤전용,센토 이스즈 - 랜덤전용,,A0H6,ACbh,!슈타인베르거,4.25,,0.0,,,
h06X,랜덤전용,센토 이스즈 - 랜덤전용,,A0LC,AHtb,C저격1,,,,300.0,99999.0,
h06Y,랜덤전용,신의손 - 카미조 토우마 랜덤전용,,A0GL,ACbh,!신의 손,100.0,3.0,0.0,,,
h06Y,랜덤전용,신의손 - 카미조 토우마 랜덤전용,,A0Y6,AHwe,[조합],,,,0.0,,0.0
h06Y,랜덤전용,신의손 - 카미조 토우마 랜덤전용,,A11K,ANht,7판단력,,,,30.0,,900.0
h06Z,랜덤전용,전투펭귄- 엘리자베스 랜덤전용,,A0KK,Arsg,T랜덤유닛강화,,,,5.0,,
h06Z,랜덤전용,전투펭귄- 엘리자베스 랜덤전용,,A0KW,ACbh,!액션펭귄,14.0,14.899999618530273,0.0,,,
h070,랜덤전용,이사야마 요미 - 랜덤전용,,A0Y9,AHwe,[조합],,,,0.0,,0.0
h070,랜덤전용,이사야마 요미 - 랜덤전용,,A0KU,ACbh,!영능력,14.0,2.5,0.0,,,
h070,랜덤전용,이사야마 요미 - 랜덤전용,,A0L6,AHad,B살생석,,,,,,800.0
h071,랜덤전용,쿠로사키 이치고 - 랜덤전용,,A0KK,Arsg,T랜덤유닛강화,,,,5.0,,
h071,랜덤전용,쿠로사키 이치고 - 랜덤전용,,A0KN,ACbh,!월아천충,0.0,,0.0,,,
h072,랜덤전용,하네카와 츠바사 - 랜덤전용,,A0YK,AHwe,[조합],,,,0.0,,0.0
h072,랜덤전용,하네카와 츠바사 - 랜덤전용,,A0KQ,ACbh,!고양이발톱,0.0,,0.0,,,
h072,랜덤전용,하네카와 츠바사 - 랜덤전용,,A0L8,AOae,$귀여움-랜유,,,,,,800.0
h073,랜덤전용,야가미 라이토 - 랜덤전용,,A0ZE,AHwe,[조합]+랜유랜덤,,,,0.0,,0.0
h073,랜덤전용,야가미 라이토 - 랜덤전용,,A0KP,ACbh,!데스노트,0.0,,0.0,,,
h07E,변화된,"코비 ""거프의 제자"" 해군루키 대령 - 변화된",,A0NZ,ACbh,!거프의 제자-코변,0.0,,0.0,,,
h07E,변화된,"코비 ""거프의 제자"" 해군루키 대령 - 변화된",,A0NY,ACbh,!콤비네이션 어택-코변,0.0,,0.0,,,
h07E,변화된,"코비 ""거프의 제자"" 해군루키 대령 - 변화된",,A07I,Asph,스피어 코비변이벤베변이,,,,0.0,,
h07E,변화된,"코비 ""거프의 제자"" 해군루키 대령 - 변화된",,A0GD,ACbh,!숲숲 열매,20.0,,0.0,,,
h07I,제한됨,샬롯 카타쿠리 장성 밀가루 대신 - 제한됨,,A0VS,ACnr,라이프 리제너레이션 오라1,,,,,,875.0
h07I,제한됨,샬롯 카타쿠리 장성 밀가루 대신 - 제한됨,,A0VR,AHad,B3장성 카타쿠리,,,,,,850.0
h07I,제한됨,샬롯 카타쿠리 장성 밀가루 대신 - 제한됨,,A0QQ,ACbh,!견문색의 패기-카타쿠리,100.0,6.25,0.0,,,
h07I,제한됨,샬롯 카타쿠리 장성 밀가루 대신 - 제한됨,,A0QS,AUau,7범위 무쌍도넛,,,,,,800.0
h07I,제한됨,샬롯 카타쿠리 장성 밀가루 대신 - 제한됨,,A0QO,ACbh,!떡떡열매,20.0,,150000.0,,,
h07J,변화된,캐럿 스론 달의 사자 - 변화된,,A0S7,ACbh,!전격-캐럿,50.0,,350000.0,,,
h07J,변화된,캐럿 스론 달의 사자 - 변화된,,A0S5,Asph,스피어 캐럿변신,,,,0.0,,
h07J,변화된,캐럿 스론 달의 사자 - 변화된,,A0RM,ACbh,!일렉트리컬 루나,0.0,,0.0,,,
h07J,변화된,캐럿 스론 달의 사자 - 변화된,,A0RL,ACbh,!달의 사자-스론,0.0,,0.0,,,
h07J,변화된,캐럿 스론 달의 사자 - 변화된,,A0SA,ACbh,!달빛걸음,0.0,,0.0,,,
h07M,불멸의,카이도 사황'백수의 왕' - 불멸의,,A14G,Aasl,카이도 이동속도 감소 오라,,,,,,1025.0
h07M,불멸의,카이도 사황'백수의 왕' - 불멸의,,A0ZI,AEme,6변신1,,,,10.75,,
h07M,불멸의,카이도 사황'백수의 왕' - 불멸의,,A0SM,ACbh,!용용열매-열식,0.0,,0.0,,,
h07M,불멸의,카이도 사황'백수의 왕' - 불멸의,,A0SD,ACbh,!뇌명 팔괘1,0.0,,0.0,,,
h07M,불멸의,카이도 사황'백수의 왕' - 불멸의,,A14F,ACac,#꺼지지 않는 공포,,,,,,1025.0
h07M,불멸의,카이도 사황'백수의 왕' - 불멸의,,A0SC,ACbh,!불멸의 육체,0.0,,0.0,,,
h07M,불멸의,카이도 사황'백수의 왕' - 불멸의,,A0SN,ACbh,!백수의 왕,100.0,,0.0,,,
h07N,변화된,베이비 5 초토화 모드 - 변화된,,A0U3,ACbh,!베이비5-과열1,0.0,,0.0,,,
h07N,변화된,베이비 5 초토화 모드 - 변화된,,A0U2,AIfb,/베이비5초토화,,,,,,285.0
h07N,변화된,베이비 5 초토화 모드 - 변화된,,A082,Asph,스피어 베이비미니건,,,,0.0,,
h07N,변화된,베이비 5 초토화 모드 - 변화된,,A0TS,ACbh,!베이비-무기무기1,0.0,,0.0,,,
h07O,불멸의,카이도 사황'백수의 왕' - 불멸의,,A0SE,AIcb,가반 방깎-카이도,,,,,,
h07O,불멸의,카이도 사황'백수의 왕' - 불멸의,,A0SD,ACbh,!뇌명 팔괘1,0.0,,0.0,,,
h07O,불멸의,카이도 사황'백수의 왕' - 불멸의,,A0SB,AOae,A덩쿨 뿌리1,,,,,,500.0
h07O,불멸의,카이도 사황'백수의 왕' - 불멸의,,A0SC,ACbh,!불멸의 육체,0.0,,0.0,,,
h084,제한됨,시노부 뇌쇄 쿠노이치 - 제한됨,,A0UT,ANbl,D요염 술법,,,,3.0,,
h084,제한됨,시노부 뇌쇄 쿠노이치 - 제한됨,,A0UB,Asph,스피어 시노부제한됨분신,,,,0.0,,
h084,제한됨,시노부 뇌쇄 쿠노이치 - 제한됨,,A0UA,Aroc,!인술 분신,,,,0.0,,600.0
h084,제한됨,시노부 뇌쇄 쿠노이치 - 제한됨,,A0UJ,AOae,A암행,,,,,,850.0
h084,제한됨,시노부 뇌쇄 쿠노이치 - 제한됨,,A0U9,ACbh,!닌술-수리검,0.0,,0.0,,,
h087,전설적인,아마츠키 토키 시간 여행자 - 전설적인,,A0UF,AOae,$영주 대리,,,,,,800.0
h087,전설적인,아마츠키 토키 시간 여행자 - 전설적인,,A0UI,AOae,$시간시간 열매,,,,,,800.0
h088,영원한,토트 무지카 봉인된 악보의 괴물 - 영원한,,A17B,AIsx,!!!,,,,,,
h088,영원한,토트 무지카 봉인된 악보의 괴물 - 영원한,,A17F,Asph,스피어 토트무지카,,,,0.0,,
h08G,초월함,롤로노아 조로 수라의 검사 - 초월함,,A170,AHad,8업글아이템-슈스이,,,,,,1850.0
h08G,초월함,롤로노아 조로 수라의 검사 - 초월함,,A169,AHad,8업글아이템-표식새김2,,,,,,1850.0
h08G,초월함,롤로노아 조로 수라의 검사 - 초월함,,A167,AOae,8업글-아이템효과 오라1,,,,,,1850.0
h08G,초월함,롤로노아 조로 수라의 검사 - 초월함,,A15V,AOae,8업글,,,,,,1850.0
h08G,초월함,롤로노아 조로 수라의 검사 - 초월함,,A11X,AUau,8업글 도움소 체젠,,,,,,1850.0
h08G,초월함,롤로노아 조로 수라의 검사 - 초월함,,A0OL,ACac,8업글1,,,,,,1850.0
h08G,초월함,롤로노아 조로 수라의 검사 - 초월함,,A0LL,AOae,8업글,,,,,,1850.0
h08G,초월함,롤로노아 조로 수라의 검사 - 초월함,,A0LK,AIba,8업글,,,,,,1850.0
h08J,랜덤전용,하쿠레이 레이무랜덤전용,,A0KK,Arsg,T랜덤유닛강화,,,,5.0,,
h08J,랜덤전용,하쿠레이 레이무랜덤전용,,A0L5,Aroa,!초월위습-꾸러미상자,,,,50.0,,0.0
h08J,랜덤전용,하쿠레이 레이무랜덤전용,,A0L6,AHad,B살생석,,,,,,800.0
h08K,랜덤전용,우치하 이타치 랜덤전용,,A0KK,Arsg,T랜덤유닛강화,,,,5.0,,
h08K,랜덤전용,우치하 이타치 랜덤전용,,A06U,ACbh,!아마테라스,0.0,,0.0,,,
h08L,초월함,스트로맨 미니 저주인형 - 초월함,,A0WI,AHad,B저주 중첩,,,,,,950.0
h08M,랜덤전용,아쳐-영령 에미야랜덤전용,,A0KK,Arsg,T랜덤유닛강화,,,,5.0,,
h08M,랜덤전용,아쳐-영령 에미야랜덤전용,,A0L5,Aroa,!초월위습-꾸러미상자,,,,50.0,,0.0
h08M,랜덤전용,아쳐-영령 에미야랜덤전용,,A0L6,AHad,B살생석,,,,,,800.0
h08N,특수함,베티 혁명군 군대장 - 특수함,,A0X6,AUau,7범위 격려,,,,,,850.0
h08N,특수함,베티 혁명군 군대장 - 특수함,,A0WO,AOae,$군대장,,,,,,850.0
h08N,특수함,베티 혁명군 군대장 - 특수함,,A0WQ,AIba,!격려격려열매,,,,,,850.0
h08O,제한됨,마르코 흰수염 유산의 수호자 - 제한됨,,A175,ACbh,!불사조불사조열매1,,,0.0,,,
h08O,제한됨,마르코 흰수염 유산의 수호자 - 제한됨,,A15N,ACbh,!봉황인,,3.25,150000.0,,,
h08O,제한됨,마르코 흰수염 유산의 수호자 - 제한됨,,A172,AEme,6변신,,,,10.75,,
h08O,제한됨,마르코 흰수염 유산의 수호자 - 제한됨,,A173,AOae,A풍압,,,,,,925.0
h08O,제한됨,마르코 흰수염 유산의 수호자 - 제한됨,,A174,AUau,7범위 봉리력,,,,,,925.0
h08Q,제한됨,아라마키 해군대장-초록 - 제한됨,,A14L,AEme,6변신1,,,,8.0,,
h08Q,제한됨,아라마키 해군대장-초록 - 제한됨,,A0SB,AOae,A덩쿨 뿌리1,,,,,,500.0
h08Q,제한됨,아라마키 해군대장-초록 - 제한됨,,A042,ACbh,!나무 덩쿨 촉수,0.0,,0.0,,,
h08Q,제한됨,아라마키 해군대장-초록 - 제한됨,,A0GD,ACbh,!숲숲 열매,20.0,,0.0,,,
h08Q,제한됨,아라마키 해군대장-초록 - 제한됨,,A07O,Asph,스피어 초월함,,,,0.0,,
h08R,영원한,참된 호걸 코즈키 오뎅 - 영원한,,A0YF,ACbh,!오뎅 이도류,20.0,,0.0,,,
h08R,영원한,참된 호걸 코즈키 오뎅 - 영원한,,A0Y2,ACac,#와노쿠니의 혼1,,,,,,850.0
h08R,영원한,참된 호걸 코즈키 오뎅 - 영원한,,A0Y0,ACbh,!패기-류오(오뎅),35.0,,0.0,,,
h08R,영원한,참된 호걸 코즈키 오뎅 - 영원한,,A0XY,ACbh,!도원 백룡,0.0,,0.0,,,
h08R,영원한,참된 호걸 코즈키 오뎅 - 영원한,,A0XZ,ACbh,!도원 토츠카,0.0,,0.0,,,
h08R,영원한,참된 호걸 코즈키 오뎅 - 영원한,,A0YC,AIfb,/오뎅 이도류,,,,,,400.0
h09J,초월함,폭주한 빅 맘 사황 '강철 풍선' - 초월함,,A0QE,AIsx,상초강 공속,,,,,,
h09J,초월함,폭주한 빅 맘 사황 '강철 풍선' - 초월함,,A060,ACbh,!프로메테우스,0.0,,0.0,,,
h09J,초월함,폭주한 빅 맘 사황 '강철 풍선' - 초월함,,A0DU,AEme,6변신,,,,8.0,,
h09J,초월함,폭주한 빅 맘 사황 '강철 풍선' - 초월함,,A0DT,AOae,A흉포한 광기,,,,,,888.0
h09J,초월함,폭주한 빅 맘 사황 '강철 풍선' - 초월함,,A0IT,ACbh,!강철 풍선,20.0,,0.0,,,
h09J,초월함,폭주한 빅 맘 사황 '강철 풍선' - 초월함,,A07O,Asph,스피어 초월함,,,,0.0,,
h09K,랜덤전용,옌 - 랜덤전용,,A0KK,Arsg,T랜덤유닛강화,,,,5.0,,
h09K,랜덤전용,옌 - 랜덤전용,,A0YB,ACbh,!이기어검,0.0,,0.0,,,
h09L,랜덤전용,이치의 율자 - 랜덤전용,,A0XT,AHwe,[조합],,,,0.0,,0.0
h09L,랜덤전용,이치의 율자 - 랜덤전용,,A0XB,ACbh,!무기화 빌드,20.0,,0.0,,,
h09Q,제한됨,불사조 흰수염 유산의 수호자 - 제한됨,,A179,AIsx,!!마르코 제한됨 공속증가,,,,,,
h09Q,제한됨,불사조 흰수염 유산의 수호자 - 제한됨,,A175,ACbh,!불사조불사조열매1,,,0.0,,,
h09Q,제한됨,불사조 흰수염 유산의 수호자 - 제한됨,,A17K,ACbh,!불사조의 불꽃,,4.25,150000.0,,,
h09Q,제한됨,불사조 흰수염 유산의 수호자 - 제한됨,,A172,AEme,6변신,,,,10.75,,
h09Q,제한됨,불사조 흰수염 유산의 수호자 - 제한됨,,A173,AOae,A풍압,,,,,,925.0
h09Q,제한됨,불사조 흰수염 유산의 수호자 - 제한됨,,A174,AUau,7범위 봉리력,,,,,,925.0
h09X,희귀함,X-드레이크 알로사우로스 - 희귀함,,A132,Aasl,파충류 이속감소,,,,,,825.0
h09X,희귀함,X-드레이크 알로사우로스 - 희귀함,,A133,AHad,B파충류,,,,,,825.0
h09X,희귀함,X-드레이크 알로사우로스 - 희귀함,,A108,AHwe,[조합],,,,0.0,,0.0
h09X,희귀함,X-드레이크 알로사우로스 - 희귀함,,A07Y,Absk,!#@#!!창고로 이동,,,,0.009999999776482582,,
h09X,희귀함,X-드레이크 알로사우로스 - 희귀함,,A0XR,ACce,!용용열매-알로사우로스,,,,,,235.0
h09X,희귀함,X-드레이크 알로사우로스 - 희귀함,,A0B9,AHpx,!@#판매,,,,0.0,,0.0
h09Z,전설적인,네코마무시 밤의 왕 - 전설적인,,A138,ANde,!광분,,,,,,
h09Z,전설적인,네코마무시 밤의 왕 - 전설적인,,A0YT,AIfb,/네코마무시평타마뎀1,,,,,,315.0
h09Z,전설적인,네코마무시 밤의 왕 - 전설적인,,A0Y1,ACac,#수호자 나리,,,,,,825.0
h09Z,전설적인,네코마무시 밤의 왕 - 전설적인,,A0Y7,ACce,!네코마무시 방무뎀,,,,,,0.0
h0AD,불멸의,카이도 사황'백수의 왕' - 불멸의,,A0ZI,AEme,6변신1,,,,10.75,,
h0AD,불멸의,카이도 사황'백수의 왕' - 불멸의,,A0Z9,ACbh,!괴풍,0.0,,0.0,,,
h0AD,불멸의,카이도 사황'백수의 왕' - 불멸의,,A0SM,ACbh,!용용열매-열식,0.0,,0.0,,,
h0AD,불멸의,카이도 사황'백수의 왕' - 불멸의,,A14F,ACac,#꺼지지 않는 공포,,,,,,1025.0
h0AD,불멸의,카이도 사황'백수의 왕' - 불멸의,,A14G,Aasl,카이도 이동속도 감소 오라,,,,,,1025.0
h0AD,불멸의,카이도 사황'백수의 왕' - 불멸의,,A0ZV,ACbh,!브레스-카이도,30.0,1.0,1.0,,,
h0AD,불멸의,카이도 사황'백수의 왕' - 불멸의,,A0SN,ACbh,!백수의 왕,100.0,,0.0,,,
h0AE,불멸의,마운틴.D.히그마 리얼리스트 - 불멸의,,A0Z8,ACbh,!권총 던지기,20.0,,0.0,,,
h0AE,불멸의,마운틴.D.히그마 리얼리스트 - 불멸의,,A0Z7,AOae,A산적왕,,,,,,800.0
h0AE,불멸의,마운틴.D.히그마 리얼리스트 - 불멸의,,A0Z1,ACbh,!강탈1,0.0,,0.0,,,
h0AE,불멸의,마운틴.D.히그마 리얼리스트 - 불멸의,,A0YZ,ACbh,!총알세례,20.0,,0.0,,,
h0AE,불멸의,마운틴.D.히그마 리얼리스트 - 불멸의,,A0YY,ACbh,!산적왕의 검기,50.0,,20000.0,,,
h0AG,초월함,키드 유스타스'캡틴' - 초월함,,A10F,ACbh,!펑크 깁슨,0.0,,0.0,,,
h0AG,초월함,키드 유스타스'캡틴' - 초월함,,A10E,ACbh,!리펠1,0.0,,0.0,,,
h0AG,초월함,키드 유스타스'캡틴' - 초월함,,A10D,AOae,A자석자석 열매,,,,,,1250.0
h0AG,초월함,키드 유스타스'캡틴' - 초월함,,A103,ACbh,!펑크 바이스,20.0,,0.0,,,
h0AG,초월함,키드 유스타스'캡틴' - 초월함,,A102,AIfb,/자석자석열매-키드초월,,,,,,400.0
h0AG,초월함,키드 유스타스'캡틴' - 초월함,,A101,ACbh,!자석 팔,35.0,,360000.0,,,
h0AG,초월함,키드 유스타스'캡틴' - 초월함,,A07O,Asph,스피어 초월함,,,,0.0,,
h0AH,전설적인,킹 백수해적단-대간판 - 전설적인,,A132,Aasl,파충류 이속감소,,,,,,825.0
h0AH,전설적인,킹 백수해적단-대간판 - 전설적인,,A10G,ACbh,!용용열매-프테라노돈,0.0,,0.0,,,
h0AH,전설적인,킹 백수해적단-대간판 - 전설적인,,A10U,Aliq,!화재-리,,,,,,
h0AH,전설적인,킹 백수해적단-대간판 - 전설적인,,A133,AHad,B파충류,,,,,,825.0
h0AH,전설적인,킹 백수해적단-대간판 - 전설적인,,A10A,AHwe,[조합],,,,0.0,,0.0
h0AI,제한됨,킹 삼재해:화재 - 제한됨,,A10P,Aliq,!화재-리,,,,,,
h0AI,제한됨,킹 삼재해:화재 - 제한됨,,A10K,ACbh,!처형,20.0,,0.0,,,
h0AI,제한됨,킹 삼재해:화재 - 제한됨,,A10I,ACac,#킹 잔혹한 검술,,,,,,
h0AI,제한됨,킹 삼재해:화재 - 제한됨,,A10N,ACbh,!용용열매-프테라노돈,0.0,,0.0,,,
h0BH,불멸의,부유물2불멸의,,A13T,AIsx,시키불멸 돌 공속,,,,,,
h0BH,불멸의,부유물2불멸의,,A13R,ACbh,!부유물-돌2,35.0,,30000.0,,,
h0BH,불멸의,부유물2불멸의,,A13P,ACbh,!부유물-돌31,20.0,,30000.0,,,
h0BI,불멸의,부유물1불멸의,,A13T,AIsx,시키불멸 돌 공속,,,,,,
h0BI,불멸의,부유물1불멸의,,A13Q,ACbh,!부유물-돌1,25.0,,70000.0,,,
h0BI,불멸의,부유물1불멸의,,A13O,ACbh,!부유물-돌,17.0,,120000.0,,,
h0BJ,불멸의,부유물3불멸의,,A13T,AIsx,시키불멸 돌 공속,,,,,,
h0BJ,불멸의,부유물3불멸의,,A13S,AIfb,/시불 부유물 마뎀,,,,,,400.0
h0BU,불멸의,??? 정체불명의 병기 - 불멸의,,A16I,Aroc,!절멸,,,,0.0,,1000.0
h0BU,불멸의,??? 정체불명의 병기 - 불멸의,,A16G,Aroc,!정체불명의 병기1,,,,0.0,,1000.0
h0BU,불멸의,??? 정체불명의 병기 - 불멸의,,A16H,Aasl,병기 이동속도 감소,,,,,,825.0
