유닛ID,등급,유닛이름,회수경로,출처,계산식,basis축,basis대응,공격타입,피해타입,비고,absolute_cooldown_s,쿨근거버프,쿨근거능력,rand_min,rand_max,rand_mean,더미채널판정,더미_피해값,원작게이트,게이트확신도,평타트리거유닛,더미채널판정_검증
h00P,특별함,나미 크리마 텍트 - 특별함,트리거,Trig_Speical1,800.00,Flat,✅ Flat,NORMAL,UNIVERSAL,,0,조사함-게이트밖,,1,1,1,해당없음(트리거 채널),,"GetRandomInt(1,10)==3",확정,h00P,
h00P,특별함,나미 크리마 텍트 - 특별함,더미,Trig_Speical1 → e099(S특별함 나미 더미) → A0RF,Oae1=-0.05,스톡능력필드,✅ Flat(값 그대로),[미확인],[미확인],A이속감소 계열 크리마 / 필드뜻[미확인],0,조사함-없음(더미채널),,해당없음(더미채널·RRD 아님),해당없음(더미채널·RRD 아님),해당없음(더미채널·RRD 아님),❌ 피해 아님(버프·디버프·배율·지속),0,해당없음(더미채널 — DUMMY_CHANNEL_GATES.csv 참고),해당없음,,✅ 태그 맞음(2026-09-06 재검증: base·atar·오더 4단계 대조)
h00T,특별함,마르코 흰수염 해적단 - 특별함,더미,Trig_Speical3 → e05B(S특별함 마르코 더미) → A09X,Efk1=1500 Efk2=8e+08 Efk3=7,스톡능력필드,✅ Flat(값 그대로),[미확인],[미확인],2범위 불사조팬옵나 마르코특별 / 필드뜻[미확인],0,조사함-없음(더미채널),,해당없음(더미채널·RRD 아님),해당없음(더미채널·RRD 아님),해당없음(더미채널·RRD 아님),⭕ 피해 있음 — AEfk — 피해,"1,500",해당없음(더미채널 — DUMMY_CHANNEL_GATES.csv 참고),해당없음,,
h00U,특별함,몽키.D.루피 기어 세컨드 - 특별함,더미,Trig_Speical5 → e05F(S특별함 루피 더미) → A0A0,Blo1=3.6,스톡능력필드,✅ Flat(값 그대로),[미확인],[미확인],4지정 루피 기어 세컨드 공속증가 / 필드뜻[미확인],0,조사함-없음(더미채널),,해당없음(더미채널·RRD 아님),해당없음(더미채널·RRD 아님),해당없음(더미채널·RRD 아님),❌ 피해 아님(버프·디버프·배율·지속),0,해당없음(더미채널 — DUMMY_CHANNEL_GATES.csv 참고),해당없음,,✅ 태그 맞음(2026-09-06 재검증: base·atar·오더 4단계 대조)
h00W,특별함,롤로노아 조로 귀기 - 특별함,트리거,Trig_Speical12,1000.00,Flat,✅ Flat,NORMAL,UNIVERSAL,,0,조사함-게이트밖,,1,1,1,해당없음(트리거 채널),,"GetRandomInt(1,7)==3",확정,h00W,
h013,특별함,상디 검은다리 - 특별함,더미,Trig_Speical6 → e05D(S특별함 상디 더미) → A09Z,Htb1=500,스톡능력필드,✅ Flat(값 그대로),[미확인],[미확인],C 상디 특별함 단일 데미지 / 필드뜻[미확인],0,조사함-없음(더미채널),,해당없음(더미채널·RRD 아님),해당없음(더미채널·RRD 아님),해당없음(더미채널·RRD 아님),⭕ 피해 있음 — AHtb 폭풍 망치 — 피해,500,해당없음(더미채널 — DUMMY_CHANNEL_GATES.csv 참고),해당없음,,
h019,특별함,챠카 알라바스타의 수호신 - 특별함,트리거,Trig_Speical4,3500.00,Flat,✅ Flat,NORMAL,UNIVERSAL,,0,조사함-게이트밖,,1,1,1,해당없음(트리거 채널),,"GetRandomInt(1,10)==3",확정,h019,
h01J,특별함,포트거스.D.에이스 흰수염 해적단 2번대대장 - 특별함,더미,Trig_Speical9 → e0E6(안흔함 더미2 에이스) → A0BI,Ucs3=925 Ucs1=850 Ucs2=7e+07 Ucs4=400,스톡능력필드,✅ Flat(값 그대로),[미확인],[미확인],0장풍 에이스 불주먹-2특별 / 필드뜻[미확인],0,조사함-없음(더미채널),,해당없음(더미채널·RRD 아님),해당없음(더미채널·RRD 아님),해당없음(더미채널·RRD 아님),⭕ 피해 있음 — ACca 시체 폭발선 — 대상당 피해,850,해당없음(더미채널 — DUMMY_CHANNEL_GATES.csv 참고),해당없음,,
h01L,희귀함,돈키호테 도플라밍고 칠무해 - 희귀함,트리거,Trig_Unique12,6000.00,Flat,✅ Flat,NORMAL,UNIVERSAL,,0,조사함-게이트밖,,1,1,1,해당없음(트리거 채널),,"GetRandomInt(1,11)==3",확정,h01L,
h01L,희귀함,돈키호테 도플라밍고 칠무해 - 희귀함,더미,Trig_Unique12 → e059(U희귀함 도플 더미) → A09W,Htc1=6000,스톡능력필드,✅ Flat(값 그대로),[미확인],[미확인],3범위 희귀함 도플 둔화 / 필드뜻[미확인],0,조사함-없음(더미채널),,해당없음(더미채널·RRD 아님),해당없음(더미채널·RRD 아님),해당없음(더미채널·RRD 아님),⭕ 피해 있음 — AHtc 천둥 강타 — 피해,"6,000",해당없음(더미채널 — DUMMY_CHANNEL_GATES.csv 참고),해당없음,,
h01M,희귀함,보아 핸콕 칠무해 - 희귀함,트리거,Trig_Unique20,6000.00,Flat,✅ Flat,NORMAL,UNIVERSAL,,0,조사함-게이트밖,,1,1,1,해당없음(트리거 채널),,"GetRandomInt(1,10)==3",확정,h01M,
h01M,희귀함,보아 핸콕 칠무해 - 희귀함,트리거,Trig_Unique20,"((GetUnitStateSwap(UNIT_STATE_LIFE,GetTriggerUnit())*0.10)*(0.20+(0.05*I2R(GetUnitAbilityLevelSwapped('A11S',GetTriggerUnit())))))",대상현재체력+능력레벨,✅ TargetCurrentHpPercent+계수(대상A11S(폭발형 피해 감수도) 축),NORMAL,UNIVERSAL,,0,조사함-게이트밖,,1,1,1,해당없음(트리거 채널),,"GetRandomInt(1,10)==3 AND GetUnitPointValue(GetTriggerUnit())<200",확정,h01M,
h01P,희귀함,사카즈키 해군대장 아카이누 - 희귀함,더미,Trig_Unique10 → e0BU(U희귀함 아카이누 더미) → A0AX,Hbz1=2 Hbz2=6000,스톡능력필드,✅ Flat(값 그대로),[미확인],[미확인],2범위 아카이누 희귀 블리자드 / 필드뜻[미확인],0,조사함-없음(더미채널),,해당없음(더미채널·RRD 아님),해당없음(더미채널·RRD 아님),해당없음(더미채널·RRD 아님),⭕ 피해 있음 — ACbz 눈보라 — 피해,"6,000",해당없음(더미채널 — DUMMY_CHANNEL_GATES.csv 참고),해당없음,,
h01Q,희귀함,거프 해군 영웅 - 희귀함,트리거,Trig_Unique30,52500.00,Flat,✅ Flat,SIEGE,NORMAL,,0,조사함-게이트밖,,1,1,1,해당없음(트리거 채널),,Stage[GlobalTV]==7,확정,h01Q,
h01Q,희귀함,거프 해군 영웅 - 희귀함,트리거,Trig_Unique30,40000.00,Flat,✅ Flat,NORMAL,UNIVERSAL,,0,조사함-게이트밖,,1,1,1,해당없음(트리거 채널),,Stage[GlobalTV]==7,확정,h01Q,
h01R,희귀함,보르살리노 해군대장 - 희귀함,더미,Trig_Unique9 → e03M(U희귀함 키자루 더미) → A09A,Ocl2=8 Ocl3=-0.1 Ocl1=6000,스톡능력필드,✅ Flat(값 그대로),[미확인],[미확인],4지정 키자루 팔지경1 / 필드뜻[미확인],0,조사함-없음(더미채널),,해당없음(더미채널·RRD 아님),해당없음(더미채널·RRD 아님),해당없음(더미채널·RRD 아님),⭕ 피해 있음 — AOcl 연쇄 번개 — 피해,"6,000",해당없음(더미채널 — DUMMY_CHANNEL_GATES.csv 참고),해당없음,,
h01S,희귀함,벤 베크만 붉은머리 해적단 부선장 - 희귀함,트리거,Trig_Unique21,10000.00,Flat,✅ Flat,NORMAL,UNIVERSAL,,0,조사함-게이트밖,,1,1,1,해당없음(트리거 채널),,"GetRandomInt(1,8)==3",확정,h01S,
h01S,희귀함,벤 베크만 붉은머리 해적단 부선장 - 희귀함,트리거,Trig_Unique21,"((GetUnitStateSwap(UNIT_STATE_LIFE,GetTriggerUnit())*0.01)+20000.00)",대상현재체력,✅ TargetCurrentHpPercent,CHAOS,UNIVERSAL,,0,조사함-게이트밖,,0.8,0.8,0.8,해당없음(트리거 채널),,"GetRandomInt(1,8)==3 AND IsUnitType(GetTriggerUnit(),UNIT_TYPE_ANCIENT)==true",확정,h01S,
h01V,희귀함,바제스 검은수염해적단 선원 - 희귀함,더미,Trig_Unique27 → e0BZ(U희귀함 바제스 더미) → A0K2,Wrs1=12000,스톡능력필드,✅ Flat(값 그대로),[미확인],[미확인],2범위 바제스 스턴 / 필드뜻[미확인],0,조사함-없음(더미채널),,해당없음(더미채널·RRD 아님),해당없음(더미채널·RRD 아님),해당없음(더미채널·RRD 아님),⭕ 피해 있음 — AOws 전쟁의 함성 — 피해,"12,000",해당없음(더미채널 — DUMMY_CHANNEL_GATES.csv 참고),해당없음,,
h01W,희귀함,바르토로메오 밀짚모자 해적단 광신도 - 희귀함,트리거,Trig_Unique26,6000.00,Flat,✅ Flat,NORMAL,UNIVERSAL,,0,조사함-게이트밖,,1,1,1,해당없음(트리거 채널),,"GetRandomInt(1,10)==3",확정,h01W,
h01Y,희귀함,모몬가 G1 지부의 수장 - 희귀함,트리거,Trig_Unique35,7000.00,Flat,✅ Flat,NORMAL,UNIVERSAL,,0,조사함-식대조실패,,1,1,1,해당없음(트리거 채널),,Stage[GlobalTV]==1,확정,h01Y,
h01Y,희귀함,모몬가 G1 지부의 수장 - 희귀함,트리거,Trig_Unique35,I2R(s__TrigVariables__get_integerC(GlobalTV)),앞단계중간값,❌ 스키마에 없음,NORMAL,UNIVERSAL,,0,조사함-게이트밖,,1,1,1,해당없음(트리거 채널),,Stage[GlobalTV]==1,확정,h01Y,
h022,희귀함,마르코 흰수염 1번대대장 - 희귀함,더미,Trig_Unique4 → e05C(U희귀함 마르코 더미) → A09Y,Efk1=12000 Efk2=8e+08 Efk3=7,스톡능력필드,✅ Flat(값 그대로),[미확인],[미확인],2범위 불사조팬옵나 마르코희귀 / 필드뜻[미확인],0,조사함-없음(더미채널),,해당없음(더미채널·RRD 아님),해당없음(더미채널·RRD 아님),해당없음(더미채널·RRD 아님),⭕ 피해 있음 — AEfk — 피해,"12,000",해당없음(더미채널 — DUMMY_CHANNEL_GATES.csv 참고),해당없음,,
h023,희귀함,카쿠 CP9 소소열매 람각 주단 - 희귀함,더미,Trig_Unique14 → e038(H히든 카쿠 더미) → A097,Ucs3=1050 Ucs1=8000 Ucs2=7e+07 Ucs4=550,스톡능력필드,✅ Flat(값 그대로),[미확인],[미확인],0장풍 카쿠히든 람각 주단 / 필드뜻[미확인],0,조사함-없음(더미채널),,해당없음(더미채널·RRD 아님),해당없음(더미채널·RRD 아님),해당없음(더미채널·RRD 아님),⭕ 피해 있음 — ACca 시체 폭발선 — 대상당 피해,"8,000",해당없음(더미채널 — DUMMY_CHANNEL_GATES.csv 참고),해당없음,,
h025,희귀함,검호 류마 용의 목을 벤 사나이 - 희귀함,트리거,Trig_Unique22,4500.00,Flat,✅ Flat,NORMAL,UNIVERSAL,,0,조사함-게이트밖,,1,1,1,해당없음(트리거 채널),,"GetRandomInt(1,10)==3",확정,h025,
h025,희귀함,검호 류마 용의 목을 벤 사나이 - 희귀함,트리거,Trig_Unique22,2000.00,Flat,✅ Flat,NORMAL,UNIVERSAL,,0,조사함-게이트밖,,1,1,1,해당없음(트리거 채널),,(무조건),확정,h025,
h025,희귀함,검호 류마 용의 목을 벤 사나이 - 희귀함,트리거,Trig_Unique22,"((GetUnitStateSwap(UNIT_STATE_LIFE,GetTriggerUnit())*0.10)*(0.20+(0.05*I2R(GetUnitAbilityLevelSwapped('A11S',GetTriggerUnit())))))",대상현재체력+능력레벨,✅ TargetCurrentHpPercent+계수(대상A11S(폭발형 피해 감수도) 축),NORMAL,UNIVERSAL,,0,조사함-게이트밖,,1,1,1,해당없음(트리거 채널),,"GetRandomInt(1,10)==3 AND GetUnitPointValue(GetTriggerUnit())<200",확정,h025,
h029,희귀함,샹크스 붉은머리 해적단 선장 - 희귀함,더미,Trig_Unique3 → e092(U희귀함 샹크스 더미) → A0BE,Ucs3=1050 Ucs1=6000 Ucs2=7e+07 Ucs4=375,스톡능력필드,✅ Flat(값 그대로),[미확인],[미확인],0장풍 샹크스 희귀함 / 필드뜻[미확인],0,조사함-없음(더미채널),,해당없음(더미채널·RRD 아님),해당없음(더미채널·RRD 아님),해당없음(더미채널·RRD 아님),⭕ 피해 있음 — ACca 시체 폭발선 — 대상당 피해,"6,000",해당없음(더미채널 — DUMMY_CHANNEL_GATES.csv 참고),해당없음,,
h02A,희귀함,엠포리오 이완코브 혁명군 - 희귀함,더미,Trig_Unique18 → e03O(U희귀함 이완코브 더미) → A0R8,Wrs1=13000,스톡능력필드,✅ Flat(값 그대로),[미확인],[미확인],2범위 이완 데스윙크 / 필드뜻[미확인],0,조사함-없음(더미채널),,해당없음(더미채널·RRD 아님),해당없음(더미채널·RRD 아님),해당없음(더미채널·RRD 아님),⭕ 피해 있음 — AOws 전쟁의 함성 — 피해,"13,000",해당없음(더미채널 — DUMMY_CHANNEL_GATES.csv 참고),해당없음,,
h02B,희귀함,쿠잔 해군대장 아오키지 - 희귀함,더미,Trig_Unique11 → e057(U희귀함 아오키지 더미) → A0PX,Wrs1=9000,스톡능력필드,✅ Flat(값 그대로),[미확인],[미확인],2범위 아오희귀 / 필드뜻[미확인],0,조사함-없음(더미채널),,해당없음(더미채널·RRD 아님),해당없음(더미채널·RRD 아님),해당없음(더미채널·RRD 아님),⭕ 피해 있음 — AOws 전쟁의 함성 — 피해,"9,000",해당없음(더미채널 — DUMMY_CHANNEL_GATES.csv 참고),해당없음,,
h02C,희귀함,우솝 보잉열도 생존자 - 희귀함,더미,Trig_Unique23 → e0AT(U희귀함 우솝 더미) → A0EL,Wrs1=7000,스톡능력필드,✅ Flat(값 그대로),[미확인],[미확인],2범위 임팩트다이얼-우솝희귀 / 필드뜻[미확인],0,조사함-없음(더미채널),,해당없음(더미채널·RRD 아님),해당없음(더미채널·RRD 아님),해당없음(더미채널·RRD 아님),⭕ 피해 있음 — AOws 전쟁의 함성 — 피해,"7,000",해당없음(더미채널 — DUMMY_CHANNEL_GATES.csv 참고),해당없음,,
h02E,희귀함,죠즈 흰수염 3번대 대장 다이아몬드 - 희귀함,트리거,Trig_Unique34,70000.00,Flat,✅ Flat,SIEGE,UNKNOWN,,0,조사함-게이트밖,,1,1,1,해당없음(트리거 채널),,Stage[GlobalTV]==8 AND (GetUnitPointValue(unitB)==300),확정,h02E,
h02E,희귀함,죠즈 흰수염 3번대 대장 다이아몬드 - 희귀함,트리거,Trig_Unique34,35000.00,Flat,✅ Flat,SIEGE,UNKNOWN,,0,조사함-게이트밖,,1,1,1,해당없음(트리거 채널),,Stage[GlobalTV]==8 AND NOT((GetUnitPointValue(unitB)==300)),확정,h02E,
h02E,희귀함,죠즈 흰수염 3번대 대장 다이아몬드 - 희귀함,더미,Trig_Unique34 → e090(U희귀함 죠즈 더미1) → A07C,Wrs1=10000,스톡능력필드,✅ Flat(값 그대로),[미확인],[미확인],2범위 죠즈 스턴더미 / 필드뜻[미확인],0,조사함-없음(더미채널),,해당없음(더미채널·RRD 아님),해당없음(더미채널·RRD 아님),해당없음(더미채널·RRD 아님),⭕ 피해 있음 — AOws 전쟁의 함성 — 피해,"10,000",해당없음(더미채널 — DUMMY_CHANNEL_GATES.csv 참고),해당없음,,
h02F,희귀함,조로 '현상금 사냥꾼' 초신성 - 희귀함,더미,Trig_Unique33 → e0BT(U희귀함 조로 더미 2) → A0QH,Htb1=50000 arlv=6,스톡능력필드,✅ Flat(값 그대로),[미확인],[미확인],C조로희귀 스턴 / 필드뜻[미확인],0,조사함-없음(더미채널),,해당없음(더미채널·RRD 아님),해당없음(더미채널·RRD 아님),해당없음(더미채널·RRD 아님),⭕ 피해 있음 — AHtb 폭풍 망치 — 피해,"50,000",해당없음(더미채널 — DUMMY_CHANNEL_GATES.csv 참고),해당없음,,
h02G,희귀함,제프 해상 레스토랑 쉐프 - 희귀함,더미,Trig_Unique2 → e031(!전설 제프공속증가) → A095,Blo1=4,스톡능력필드,✅ Flat(값 그대로),[미확인],[미확인],^제프 의족 / 필드뜻[미확인],0,조사함-없음(더미채널),,해당없음(더미채널·RRD 아님),해당없음(더미채널·RRD 아님),해당없음(더미채널·RRD 아님),❌ 피해 아님(버프·디버프·배율·지속),0,해당없음(더미채널 — DUMMY_CHANNEL_GATES.csv 참고),해당없음,,✅ 태그 맞음(2026-09-06 재검증: base·atar·오더 4단계 대조)
h02H,희귀함,크로커 다일 Mr.0 Sir - 희귀함,트리거,Trig_Unique17,17500.00,Flat,✅ Flat,NORMAL,UNIVERSAL,,0,조사함-게이트밖,,1,1.5,1.25,해당없음(트리거 채널),,"GetRandomInt(1,15)==3",확정,h02H,
h02K,희귀함,토니토니 쵸파 혼 포인트 - 희귀함,트리거,Trig_Unique31,35000.00,Flat,✅ Flat,SIEGE,NORMAL,,0,조사함-게이트밖,,1,1,1,해당없음(트리거 채널),,"GetRandomInt(1,8)==3",확정,h02K,
h02K,희귀함,토니토니 쵸파 혼 포인트 - 희귀함,트리거,Trig_Unique31,17500.00,Flat,✅ Flat,SIEGE,NORMAL,,0,조사함-게이트밖,,1,1,1,해당없음(트리거 채널),,"GetRandomInt(1,8)==3",확정,h02K,
h02L,희귀함,트라팔가 로우 죽음의 외과의사 - 희귀함,트리거,Trig_Unique6,6000.00,Flat,✅ Flat,NORMAL,UNIVERSAL,,0,조사함-게이트밖,,1,1,1,해당없음(트리거 채널),,"GetRandomInt(1,12)==3",확정,h02L,
h02M,희귀함,베이비 5 팔보수군 - 희귀함,트리거,Trig_Unique29,6000.00,Flat,✅ Flat,NORMAL,UNIVERSAL,,0,조사함-게이트밖,,1,2,1.5,해당없음(트리거 채널),,(Stage[GlobalTV]==5),확정,h02M,
h02M,희귀함,베이비 5 팔보수군 - 희귀함,트리거,Trig_Unique29,15000.00,Flat,✅ Flat,NORMAL,UNIVERSAL,,0,조사함-게이트밖,,1,1,1,해당없음(트리거 채널),,(Stage[GlobalTV]==5),확정,h02M,
h02M,희귀함,베이비 5 팔보수군 - 희귀함,더미,Trig_Unique29 → e0EN(U희귀함 베이비 더미) → A0TO,Htb1=1,스톡능력필드,✅ Flat(값 그대로),[미확인],[미확인],C 희귀함 베이비 단일 / 필드뜻[미확인],0,조사함-없음(더미채널),,해당없음(더미채널·RRD 아님),해당없음(더미채널·RRD 아님),해당없음(더미채널·RRD 아님),⭕ 피해 있음 — AHtb 폭풍 망치 — 피해,1,해당없음(더미채널 — DUMMY_CHANNEL_GATES.csv 참고),해당없음,,
h02O,전설적인,골.D.에이스 해적왕의 아들 - 전설적인,트리거,Trig_Legend18,200000.00,Flat,✅ Flat,MAGIC,UNIVERSAL,,0,조사함-게이트밖,,1,1,1,해당없음(트리거 채널),,"GetRandomInt(1,10)==7 AND GetRandomInt(1,4)==3",확정,h02O,
h02O,전설적인,골.D.에이스 해적왕의 아들 - 전설적인,트리거,Trig_Legend18,400000.00,Flat,✅ Flat,MAGIC,UNIVERSAL,,0,조사함-게이트밖,,1,1,1,해당없음(트리거 채널),,"GetRandomInt(1,10)==7",확정,h02O,
h02O,전설적인,골.D.에이스 해적왕의 아들 - 전설적인,더미,Trig_Legend18 → e0DB(!전설 에이스 더미2) → A0BK,Ucs3=900 Ucs1=200000 Ucs2=7e+07 Ucs4=375,스톡능력필드,✅ Flat(값 그대로),[미확인],[미확인],0장풍 에이스 불주먹-3전설 / 필드뜻[미확인],0,조사함-없음(더미채널),,해당없음(더미채널·RRD 아님),해당없음(더미채널·RRD 아님),해당없음(더미채널·RRD 아님),⭕ 피해 있음 — ACca 시체 폭발선 — 대상당 피해,"200,000",해당없음(더미채널 — DUMMY_CHANNEL_GATES.csv 참고),해당없음,,
h02O,전설적인,골.D.에이스 해적왕의 아들 - 전설적인,더미,Trig_Legend18 → e0IP(!전설 에이스 더미1) → A0BK,Ucs3=900 Ucs1=200000 Ucs2=7e+07 Ucs4=375,스톡능력필드,✅ Flat(값 그대로),[미확인],[미확인],0장풍 에이스 불주먹-3전설 / 필드뜻[미확인],0,조사함-없음(더미채널),,해당없음(더미채널·RRD 아님),해당없음(더미채널·RRD 아님),해당없음(더미채널·RRD 아님),⭕ 피해 있음 — ACca 시체 폭발선 — 대상당 피해,"200,000",해당없음(더미채널 — DUMMY_CHANNEL_GATES.csv 참고),해당없음,,
h02P,전설적인,나미 도둑 고양이 - 전설적인,트리거,Trig_Legend25,325000.00,Flat,✅ Flat,MAGIC,UNIVERSAL,,0,조사함-게이트밖,,1,1.5,1.25,해당없음(트리거 채널),,"GetRandomInt(1,10000)<916",확정,h02P,
h02P,전설적인,나미 도둑 고양이 - 전설적인,더미,Trig_Legend25 → e0NR(!전설 나미 더미3) → A0W6,Oae1=-0.42,스톡능력필드,✅ Flat(값 그대로),[미확인],[미확인],A이속감소 계열 크리마 / 필드뜻[미확인],0,조사함-없음(더미채널),,해당없음(더미채널·RRD 아님),해당없음(더미채널·RRD 아님),해당없음(더미채널·RRD 아님),❌ 피해 아님(버프·디버프·배율·지속),0,해당없음(더미채널 — DUMMY_CHANNEL_GATES.csv 참고),해당없음,,✅ 태그 맞음(2026-09-06 재검증: base·atar·오더 4단계 대조)
h02Q,전설적인,라분 레드라인을 넘으려는 향유고래 - 전설적인,트리거,Trig_Legend12,GetEventDamage(),실제평타피해,❌ 스키마에 없음,CHAOS,NORMAL,,0,조사함-게이트밖,,1,1,1,해당없음(트리거 채널),,Stage[GlobalTV]==0,확정,h02Q,
h02Q,전설적인,라분 레드라인을 넘으려는 향유고래 - 전설적인,트리거,Trig_Legend12,175000.00,Flat,✅ Flat,MAGIC,UNIVERSAL,,0,조사함-게이트밖,,1,1,1,해당없음(트리거 채널),,Stage[GlobalTV]==5 AND GetUnitUserData(unitA)==6,확정,h02Q,
h02Q,전설적인,라분 레드라인을 넘으려는 향유고래 - 전설적인,트리거,Trig_Legend12,175000.00,Flat,✅ Flat,MAGIC,UNIVERSAL,,0,조사함-게이트밖,,1,1,1,해당없음(트리거 채널),,Stage[GlobalTV]==5 AND GetUnitUserData(unitA)==6,확정,h02Q,
h02Q,전설적인,라분 레드라인을 넘으려는 향유고래 - 전설적인,트리거,Trig_Legend12,(15000.00+(3000.00*I2R(GetUnitPointValue(s__TrigVariables__get_unitB(GlobalTV))))),대상포인트값(보스플래그)+앞단계중간값,❌ 스키마에 없음,SIEGE,UNIVERSAL,,0,조사함-게이트밖,,1,1,1,해당없음(트리거 채널),,"Stage[GlobalTV]==5 AND GetRandomInt(1,100)<26 ‖ Stage[GlobalTV]==5 AND GetUnitUserData(unitA)==6",추정(지점 여럿),h02Q,
h02Q,전설적인,라분 레드라인을 넘으려는 향유고래 - 전설적인,트리거,Trig_Legend12,(15000.00+(3000.00*I2R(GetUnitPointValue(s__TrigVariables__get_unitB(GlobalTV))))),대상포인트값(보스플래그)+앞단계중간값,❌ 스키마에 없음,SIEGE,UNIVERSAL,,0,조사함-게이트밖,,1,1,1,해당없음(트리거 채널),,"Stage[GlobalTV]==5 AND GetRandomInt(1,100)<26 ‖ Stage[GlobalTV]==5 AND GetUnitUserData(unitA)==6",추정(지점 여럿),h02Q,
h02R,전설적인,로브 루치 생명귀환 지회무신 - 전설적인,트리거,Trig_Legend21sc,100000.00,Flat,✅ Flat,MAGIC,UNIVERSAL,,0,조사함-게이트밖,,1,1,1,해당없음(트리거 채널),,"GetRandomInt(1,9)==3",확정,h02R,
h02R,전설적인,로브 루치 생명귀환 지회무신 - 전설적인,트리거,Trig_Legend21sc,"((GetUnitStateSwap(UNIT_STATE_LIFE,GetTriggerUnit())*0.3)*(0.2+(0.05*I2R(GetUnitAbilityLevelSwapped('A11S',GetTriggerUnit())))))",대상현재체력+능력레벨,✅ TargetCurrentHpPercent+계수(대상A11S(폭발형 피해 감수도) 축),SIEGE,UNIVERSAL,,0,조사함-게이트밖,,1,1,1,해당없음(트리거 채널),,"GetRandomInt(1,9)==3 AND GetUnitPointValue(GetTriggerUnit())<200",확정,h02R,
h02R,전설적인,로브 루치 생명귀환 지회무신 - 전설적인,트리거,Trig_Legend21sc,345000.00,Flat,✅ Flat,CHAOS,UNIVERSAL,,0,조사함-게이트밖,,1,2,1.5,해당없음(트리거 채널),,"GetRandomInt(1,9)==3 AND NOT(GetUnitPointValue(GetTriggerUnit())<200)",확정,h02R,
h02U,전설적인,"마샬.D.티치 검은수염 해적단 선장 ""검은수염"" - 전설적인",트리거,Trig_Legend26,"(500000.00+(GetUnitStateSwap(UNIT_STATE_LIFE,GetEnumUnit())*0.01))",대상현재체력,✅ TargetCurrentHpPercent,NORMAL,UNIVERSAL,,0,조사함-식대조실패,,1,1,1,해당없음(트리거 채널),,시전자체력==40.00,확정,h02U,
h02V,전설적인,스모커 집념의 해군 중장 - 전설적인,트리거,Trig_Legend9,450000.00,Flat,✅ Flat,NORMAL,UNIVERSAL,,0,조사함-게이트밖,,1,1.5,1.25,해당없음(트리거 채널),,시전자마나==50.00,확정,h02V,
h02V,전설적인,스모커 집념의 해군 중장 - 전설적인,트리거,Trig_Legend9,200000.00,Flat,✅ Flat,NORMAL,UNIVERSAL,,0,조사함-게이트밖,,1,1.5,1.25,해당없음(트리거 채널),,"GetRandomInt(1,6)==3",확정,h02V,
h02V,전설적인,스모커 집념의 해군 중장 - 전설적인,트리거,Trig_Legend9,450000.00,Flat,✅ Flat,NORMAL,UNIVERSAL,,0,조사함-게이트밖,,1,1.5,1.25,해당없음(트리거 채널),,시전자마나==50.00,확정,h02V,
h02V,전설적인,스모커 집념의 해군 중장 - 전설적인,더미,Trig_Legend9 → e0H8(!전설 스모커 더미3) → A16K,Prg4=0.5 Prg1=6 Prg5=0.5,스톡능력필드,✅ Flat(값 그대로),[미확인],[미확인], / 필드뜻[미확인],0,조사함-없음(더미채널),,해당없음(더미채널·RRD 아님),해당없음(더미채널·RRD 아님),해당없음(더미채널·RRD 아님),❌ 피해 아님(버프·디버프·배율·지속),0,해당없음(더미채널 — DUMMY_CHANNEL_GATES.csv 참고),해당없음,,✅ 태그 맞음(2026-09-06 재검증: base·atar·오더 4단계 대조)
h02X,전설적인,몽키.D.루피 '기어 2' Jet 개틀링 - 전설적인,트리거,Trig_Legend0,47500.00,Flat,✅ Flat,SIEGE,NORMAL,,0,조사함-게이트밖,,0.5,2,1.25,해당없음(트리거 채널),,"GetRandomInt(1,100)<46",확정,h02X,
h02Y,전설적인,몽키.D.루피 나이트메어 - 전설적인,트리거,Trig_Legend22,s__TrigVariables__get_realC(GlobalTV),앞단계중간값,❌ 스키마에 없음,NORMAL,UNIVERSAL,,0,조사함-게이트밖,,1,1,1,해당없음(트리거 채널),,"(무조건) ‖ Stage[GlobalTV]==0 ‖ Stage[GlobalTV]==1 ‖ Stage[GlobalTV]==1 AND GetRandomInt(1,33)==3 AND 능력레벨('A0TU',unitA)<6 ‖ Stage[GlobalTV]==1 AND GetUnitPointValue(unitB)==200 AND (realB>100.00) ‖ Stage[GlobalTV]==1 AND NOT(버프보유(unitB,'B06B')==true) AND (realB>360000.00) ‖ Stage[GlobalTV]==1 AND 버프보유(unitB,'B06B')==true ‖ Stage[GlobalTV]==2",추정(지점 여럿),h02Y,
h02Y,전설적인,몽키.D.루피 나이트메어 - 전설적인,트리거,Trig_Legend22,s__TrigVariables__get_realC(GlobalTV),앞단계중간값,❌ 스키마에 없음,NORMAL,UNIVERSAL,,0,조사함-게이트밖,,1,1,1,해당없음(트리거 채널),,"(무조건) ‖ Stage[GlobalTV]==0 ‖ Stage[GlobalTV]==1 ‖ Stage[GlobalTV]==1 AND GetRandomInt(1,33)==3 AND 능력레벨('A0TU',unitA)<6 ‖ Stage[GlobalTV]==1 AND GetUnitPointValue(unitB)==200 AND (realB>100.00) ‖ Stage[GlobalTV]==1 AND NOT(버프보유(unitB,'B06B')==true) AND (realB>360000.00) ‖ Stage[GlobalTV]==1 AND 버프보유(unitB,'B06B')==true ‖ Stage[GlobalTV]==2",추정(지점 여럿),h02Y,
h02Y,전설적인,몽키.D.루피 나이트메어 - 전설적인,트리거,Trig_Legend22,s__TrigVariables__get_realC(GlobalTV),앞단계중간값,❌ 스키마에 없음,NORMAL,UNIVERSAL,,0,조사함-게이트밖,,1,1,1,해당없음(트리거 채널),,"(무조건) ‖ Stage[GlobalTV]==0 ‖ Stage[GlobalTV]==1 ‖ Stage[GlobalTV]==1 AND GetRandomInt(1,33)==3 AND 능력레벨('A0TU',unitA)<6 ‖ Stage[GlobalTV]==1 AND GetUnitPointValue(unitB)==200 AND (realB>100.00) ‖ Stage[GlobalTV]==1 AND NOT(버프보유(unitB,'B06B')==true) AND (realB>360000.00) ‖ Stage[GlobalTV]==1 AND 버프보유(unitB,'B06B')==true ‖ Stage[GlobalTV]==2",추정(지점 여럿),h02Y,
h02Y,전설적인,몽키.D.루피 나이트메어 - 전설적인,트리거,Trig_Legend22,500000.00,Flat,✅ Flat,CHAOS,UNIVERSAL,,0,조사함-게이트밖,,1,1,1,해당없음(트리거 채널),,Stage[GlobalTV]==1 AND GetUnitPointValue(unitB)==200 AND (realB>100.00),확정,h02Y,
h02Y,전설적인,몽키.D.루피 나이트메어 - 전설적인,트리거,Trig_Legend22,3000000.00,Flat,✅ Flat,CHAOS,UNIVERSAL,,0,조사함-게이트밖,,1,1,1,해당없음(트리거 채널),,"Stage[GlobalTV]==1 AND 버프보유(unitB,'B06B')==true",확정,h02Y,
h02Y,전설적인,몽키.D.루피 나이트메어 - 전설적인,트리거,Trig_Legend22,400000.00,Flat,✅ Flat,CHAOS,UNIVERSAL,,0,조사함-게이트밖,,1,1,1,해당없음(트리거 채널),,"Stage[GlobalTV]==1 AND NOT(버프보유(unitB,'B06B')==true) AND (realB>360000.00)",확정,h02Y,
h02Y,전설적인,몽키.D.루피 나이트메어 - 전설적인,더미,Trig_Legend22 → e034(!전설 루피나이트메어 그림자일격 더미1) → A0O8,Inf3=500 Inf1=4.5,스톡능력필드,✅ Flat(값 그대로),[미확인],[미확인],4지정 그림자 흡수 공격력증가 / 필드뜻[미확인],0,조사함-없음(더미채널),,해당없음(더미채널·RRD 아님),해당없음(더미채널·RRD 아님),해당없음(더미채널·RRD 아님),❌ 피해 아님(버프·디버프·배율·지속),0,해당없음(더미채널 — DUMMY_CHANNEL_GATES.csv 참고),해당없음,,✅ 태그 맞음(2026-09-06 재검증: base·atar·오더 4단계 대조)
h02Z,전설적인,바르토로메오 신예 초신성- 식인 - 전설적인,트리거,Trig_Legend15,(150000.00+(1500.00*I2R(GetUnitPointValue(GetEnumUnit())))),대상포인트값(보스플래그),❌ 스키마에 없음,NORMAL,UNIVERSAL,,0,조사함-게이트밖,,1,1,1,해당없음(트리거 채널),,"GetRandomInt(1,10)==3",확정,h02Z,
h030,전설적인,바솔로뮤 쿠마 폭군 - 전설적인,트리거,Trig_Legend6,"(2450000.00+((GetUnitStateSwap(UNIT_STATE_MAX_LIFE,GetEnumUnit())-GetUnitStateSwap(UNIT_STATE_LIFE,GetEnumUnit()))*0.04))",대상최대체력+대상현재체력,✅ TargetMaxHpPercent+TargetCurrentHpPercent,NORMAL,UNIVERSAL,,0,조사함-게이트밖,,1,1,1,해당없음(트리거 채널),,(시전자마나==115.00),확정,h030,
h030,전설적인,바솔로뮤 쿠마 폭군 - 전설적인,더미,Trig_Legend6 → e00E(!전설 쿠마 스턴 더미2) → A07K,Wrs1=200000,스톡능력필드,✅ Flat(값 그대로),[미확인],[미확인],2범위 쿠마전설 스턴 / 필드뜻[미확인],0,조사함-없음(더미채널),,해당없음(더미채널·RRD 아님),해당없음(더미채널·RRD 아님),해당없음(더미채널·RRD 아님),⭕ 피해 있음 — AOws 전쟁의 함성 — 피해,"200,000",해당없음(더미채널 — DUMMY_CHANNEL_GATES.csv 참고),해당없음,,
h030,전설적인,바솔로뮤 쿠마 폭군 - 전설적인,더미,Trig_Legend6 → e00F(!전설 쿠마 마나스킬 더미) → A07L,Wrs1=1e+06,스톡능력필드,✅ Flat(값 그대로),[미확인],[미확인],2범위 레일리전설 스턴 / 필드뜻[미확인],0,조사함-없음(더미채널),,해당없음(더미채널·RRD 아님),해당없음(더미채널·RRD 아님),해당없음(더미채널·RRD 아님),⭕ 피해 있음 — AOws 전쟁의 함성 — 피해,"1,000,000",해당없음(더미채널 — DUMMY_CHANNEL_GATES.csv 참고),해당없음,,
h030,전설적인,바솔로뮤 쿠마 폭군 - 전설적인,더미,Trig_Legend6 → e0KD(!전설 쿠마 스턴 더미) → A07K,Wrs1=200000,스톡능력필드,✅ Flat(값 그대로),[미확인],[미확인],2범위 쿠마전설 스턴 / 필드뜻[미확인],0,조사함-없음(더미채널),,해당없음(더미채널·RRD 아님),해당없음(더미채널·RRD 아님),해당없음(더미채널·RRD 아님),⭕ 피해 있음 — AOws 전쟁의 함성 — 피해,"200,000",해당없음(더미채널 — DUMMY_CHANNEL_GATES.csv 참고),해당없음,,
h030,전설적인,바솔로뮤 쿠마 폭군 - 전설적인,더미,Trig_Legend6 → e0KE(!전설 쿠마 스턴 더미1) → A07K,Wrs1=200000,스톡능력필드,✅ Flat(값 그대로),[미확인],[미확인],2범위 쿠마전설 스턴 / 필드뜻[미확인],0,조사함-없음(더미채널),,해당없음(더미채널·RRD 아님),해당없음(더미채널·RRD 아님),해당없음(더미채널·RRD 아님),⭕ 피해 있음 — AOws 전쟁의 함성 — 피해,"200,000",해당없음(더미채널 — DUMMY_CHANNEL_GATES.csv 참고),해당없음,,
h031,전설적인,후지토라 잇쇼우 '신'해군대장 - 전설적인,트리거,Trig_Legend11,577500.00,Flat,✅ Flat,CHAOS,NORMAL,,0,조사함-게이트밖,,1,1,1,해당없음(트리거 채널),,"GetRandomInt(1,7)==6",확정,h031,
h031,전설적인,후지토라 잇쇼우 '신'해군대장 - 전설적인,더미,Trig_Legend11 → e00B(!전설 후지토라 더미2) → A07U,Wrs1=192500,스톡능력필드,✅ Flat(값 그대로),[미확인],[미확인],2범위 후지전설 스턴 / 필드뜻[미확인],0,조사함-없음(더미채널),,해당없음(더미채널·RRD 아님),해당없음(더미채널·RRD 아님),해당없음(더미채널·RRD 아님),⭕ 피해 있음 — AOws 전쟁의 함성 — 피해,"192,500",해당없음(더미채널 — DUMMY_CHANNEL_GATES.csv 참고),해당없음,,
h031,전설적인,후지토라 잇쇼우 '신'해군대장 - 전설적인,더미,Trig_Legend11 → e00Z(!전설 후지토라 더미) → A07U,Wrs1=192500,스톡능력필드,✅ Flat(값 그대로),[미확인],[미확인],2범위 후지전설 스턴 / 필드뜻[미확인],0,조사함-없음(더미채널),,해당없음(더미채널·RRD 아님),해당없음(더미채널·RRD 아님),해당없음(더미채널·RRD 아님),⭕ 피해 있음 — AOws 전쟁의 함성 — 피해,"192,500",해당없음(더미채널 — DUMMY_CHANNEL_GATES.csv 참고),해당없음,,
h034,전설적인,상디 검은다리 '슈트 코스' - 전설적인,트리거,Trig_Legend1sc,100000.00,Flat,✅ Flat,NORMAL,UNIVERSAL,,0,조사함-게이트밖,,0.8,1.5,1.15,해당없음(트리거 채널),,"GetRandomInt(1,7)==4",확정,h034,
h034,전설적인,상디 검은다리 '슈트 코스' - 전설적인,트리거,Trig_Legend1sc,"((GetUnitStateSwap(UNIT_STATE_LIFE,GetTriggerUnit())*0.18)*(0.2+(0.05*I2R(GetUnitAbilityLevelSwapped('A11S',GetTriggerUnit())))))",대상현재체력+능력레벨,✅ TargetCurrentHpPercent+계수(대상A11S(폭발형 피해 감수도) 축),SIEGE,UNIVERSAL,,0,조사함-게이트밖,,1,1,1,해당없음(트리거 채널),,"GetRandomInt(1,7)==4 AND GetUnitPointValue(GetTriggerUnit())<200",확정,h034,
h034,전설적인,상디 검은다리 '슈트 코스' - 전설적인,트리거,Trig_Legend1sc,280000.00,Flat,✅ Flat,NORMAL,UNIVERSAL,,0,조사함-게이트밖,,0.8,1.5,1.15,해당없음(트리거 채널),,"GetRandomInt(1,7)==4 AND NOT(GetUnitPointValue(GetTriggerUnit())<200)",확정,h034,
h035,전설적인,샹크스 사황 '붉은머리' - 전설적인,더미,Trig_Legend10 → e00V(!전설 샹크스 스턴) → A07T,Wrs1=125000,스톡능력필드,✅ Flat(값 그대로),[미확인],[미확인],2범위 샹크스전설 스턴 / 필드뜻[미확인],0,조사함-없음(더미채널),,해당없음(더미채널·RRD 아님),해당없음(더미채널·RRD 아님),해당없음(더미채널·RRD 아님),⭕ 피해 있음 — AOws 전쟁의 함성 — 피해,"125,000",해당없음(더미채널 — DUMMY_CHANNEL_GATES.csv 참고),해당없음,,
h036,전설적인,센고쿠 전 해군 원수 - 전설적인,트리거,Trig_Legend8,465000.00,Flat,✅ Flat,HERO,NORMAL,,0,조사함-게이트밖,,1,1.25,1.125,해당없음(트리거 채널),,"GetRandomInt(1,10)==3 AND GetUnitPointValue(GetTriggerUnit())>199",확정,h036,
h036,전설적인,센고쿠 전 해군 원수 - 전설적인,더미,Trig_Legend8 → e00A(!전설 센고쿠 인의 더미) → A058,Roa5=1 Roa1=0.4 Roa2=-18 Roa4=0.25 Roa3=0.25,스톡능력필드,✅ Flat(값 그대로),[미확인],[미확인],!인의 액티브 / 필드뜻[미확인],0,조사함-없음(더미채널),,해당없음(더미채널·RRD 아님),해당없음(더미채널·RRD 아님),해당없음(더미채널·RRD 아님),❌ 피해 아님(버프·디버프·배율·지속),0,해당없음(더미채널 — DUMMY_CHANNEL_GATES.csv 참고),해당없음,,✅ 태그 맞음(2026-09-06 재검증: base·atar·오더 4단계 대조)
h039,전설적인,시키 금사자 - 전설적인,더미,Trig_Legend4 → e008(!전설 시키 더미) → A07E,Wrs1=145000,스톡능력필드,✅ Flat(값 그대로),[미확인],[미확인],2범위 시키전설 스턴 / 필드뜻[미확인],0,조사함-없음(더미채널),,해당없음(더미채널·RRD 아님),해당없음(더미채널·RRD 아님),해당없음(더미채널·RRD 아님),⭕ 피해 있음 — AOws 전쟁의 함성 — 피해,"145,000",해당없음(더미채널 — DUMMY_CHANNEL_GATES.csv 참고),해당없음,,
h03A,전설적인,실버즈 레일리 로저해적단 부선장 - 전설적인,트리거,Trig_Legend7,1200000.00,Flat,✅ Flat,CHAOS,NORMAL,,0,조사함-게이트밖,,0.8,1.5,1.15,해당없음(트리거 채널),,시전자마나==115.00,확정,h03A,
h03A,전설적인,실버즈 레일리 로저해적단 부선장 - 전설적인,더미,Trig_Legend7 → e00J(!전설 레일리 마나스킬 더미3) → A083,atac=2,스톡능력필드,✅ Flat(값 그대로),[미확인],[미확인],스피어 레일리마나더미 / 필드뜻[미확인],0,조사함-없음(더미채널),,해당없음(더미채널·RRD 아님),해당없음(더미채널·RRD 아님),해당없음(더미채널·RRD 아님),❌ 피해 아님(버프·디버프·배율·지속),0,해당없음(더미채널 — DUMMY_CHANNEL_GATES.csv 참고),해당없음,,✅ 태그 맞음(2026-09-06 재검증: base·atar·오더 4단계 대조)
h03A,전설적인,실버즈 레일리 로저해적단 부선장 - 전설적인,더미,Trig_Legend7 → e00J(!전설 레일리 마나스킬 더미3) → A07L,Wrs1=1e+06,스톡능력필드,✅ Flat(값 그대로),[미확인],[미확인],2범위 레일리전설 스턴 / 필드뜻[미확인],0,조사함-없음(더미채널),,해당없음(더미채널·RRD 아님),해당없음(더미채널·RRD 아님),해당없음(더미채널·RRD 아님),⭕ 피해 있음 — AOws 전쟁의 함성 — 피해,"1,000,000",해당없음(더미채널 — DUMMY_CHANNEL_GATES.csv 참고),해당없음,,
h03C,전설적인,트라팔가 로우 하트 해적단 선장 - 전설적인,트리거,Trig_Legend16sc,"(10000.00+(GetUnitStateSwap(UNIT_STATE_LIFE,GetTriggerUnit())*0.15))",대상현재체력,✅ TargetCurrentHpPercent,NORMAL,UNIVERSAL,,0,조사함-게이트밖,,1,1,1,해당없음(트리거 채널),,"GetRandomInt(1,8)==3 AND 버프보유(GetTriggerUnit(),'B06B')==true",확정,h03C,
h03E,전설적인,코비 세계의 운명을 바꾼 해군루키 - 전설적인,트리거,Trig_Legend28koby,"((GetUnitStateSwap(UNIT_STATE_LIFE,GetTriggerUnit())*0.27)*(0.20+(0.05*I2R(GetUnitAbilityLevelSwapped('A11S',GetTriggerUnit())))))",대상현재체력+능력레벨,✅ TargetCurrentHpPercent+계수(대상A11S(폭발형 피해 감수도) 축),MELEE,UNIVERSAL,,0,조사함-게이트밖,,1,1,1,해당없음(트리거 채널),,"GetRandomInt(1,8)==3 AND GetUnitPointValue(GetTriggerUnit())<200",확정,h03E,
h03E,전설적인,코비 세계의 운명을 바꾼 해군루키 - 전설적인,트리거,Trig_Legend28koby,100000.00,Flat,✅ Flat,NORMAL,UNIVERSAL,,0,조사함-게이트밖,,1,1,1,해당없음(트리거 채널),,"GetRandomInt(1,8)==3 ‖ GetRandomInt(1,8)==3 AND NOT(GetUnitPointValue(GetTriggerUnit())<200)",추정(지점 여럿),h03E,
h03E,전설적인,코비 세계의 운명을 바꾼 해군루키 - 전설적인,더미,Trig_Legend28koby → e0DR(!전설 코비 마나) → A0O1,Roa1=-0.2 Roa4=1 Roa3=1,스톡능력필드,✅ Flat(값 그대로),[미확인],[미확인],7용기의 외침1 / 필드뜻[미확인],0,조사함-없음(더미채널),,해당없음(더미채널·RRD 아님),해당없음(더미채널·RRD 아님),해당없음(더미채널·RRD 아님),❌ 피해 아님(버프·디버프·배율·지속),0,해당없음(더미채널 — DUMMY_CHANNEL_GATES.csv 참고),해당없음,,✅ 태그 맞음(2026-09-06 재검증: base·atar·오더 4단계 대조)
h03G,전설적인,징베 전 칠무해 어인족 수장 - 전설적인,트리거,Trig_Legend2,1000000.00,Flat,✅ Flat,NORMAL,UNIVERSAL,,0,조사함-게이트밖,,1,1,1,해당없음(트리거 채널),,(시전자마나==145.00),확정,h03G,
h03G,전설적인,징베 전 칠무해 어인족 수장 - 전설적인,더미,Trig_Legend2 → e000(!전설 징베 마나스킬 더미) → A077,Htc1=2e+06,스톡능력필드,✅ Flat(값 그대로),[미확인],[미확인],!징베전설 마나스킬 액티브 / 필드뜻[미확인],0,조사함-없음(더미채널),,해당없음(더미채널·RRD 아님),해당없음(더미채널·RRD 아님),해당없음(더미채널·RRD 아님),⭕ 피해 있음 — AHtc 천둥 강타 — 피해,"2,000,000",해당없음(더미채널 — DUMMY_CHANNEL_GATES.csv 참고),해당없음,,
h03G,전설적인,징베 전 칠무해 어인족 수장 - 전설적인,더미,Trig_Legend2 → e006(!전설 징베 더미) → A001,arlv=1 Nst2=225 Nst1=10 Nst3=150000 Nst4=285,스톡능력필드,✅ Flat(값 그대로),[미확인],[미확인],0장풍 징베해류2 / 필드뜻[미확인],0,조사함-없음(더미채널),,해당없음(더미채널·RRD 아님),해당없음(더미채널·RRD 아님),해당없음(더미채널·RRD 아님),⭕ 피해 있음 — ANst 짓밟기 — 피해,"150,000",해당없음(더미채널 — DUMMY_CHANNEL_GATES.csv 참고),해당없음,,
h03G,전설적인,징베 전 칠무해 어인족 수장 - 전설적인,더미,Trig_Legend2 → e006(!전설 징베 더미) → A07B,Ufa1=7,스톡능력필드,✅ Flat(값 그대로),[미확인],[미확인],5절대쿨 징베 / 필드뜻[미확인],0,조사함-없음(더미채널),,해당없음(더미채널·RRD 아님),해당없음(더미채널·RRD 아님),해당없음(더미채널·RRD 아님),❌ 피해 아님(버프·디버프·배율·지속),0,해당없음(더미채널 — DUMMY_CHANNEL_GATES.csv 참고),해당없음,,✅ 태그 맞음(2026-09-06 재검증: base·atar·오더 4단계 대조)
h03H,전설적인,샬롯 크래커 빅맘 3장성 - 전설적인,트리거,Trig_Legend20,250000.00,Flat,✅ Flat,NORMAL,UNIVERSAL,,0,조사함-게이트밖,,1,1,1,해당없음(트리거 채널),,"GetRandomInt(1,12)==3",확정,h03H,
h03H,전설적인,샬롯 크래커 빅맘 3장성 - 전설적인,트리거,Trig_Legend20,20000.00,Flat,✅ Flat,NORMAL,UNIVERSAL,,0,조사함-게이트밖,,1,1,1,해당없음(트리거 채널),,(무조건),확정,h03H,
h03I,전설적인,제파 전 해군 대장 '흑완' - 전설적인,트리거,Trig_Legend23,"(GetUnitStateSwap(UNIT_STATE_LIFE,GetTriggerUnit())*(0.01))",대상현재체력,✅ TargetCurrentHpPercent,NORMAL,UNIVERSAL,,0,조사함-게이트밖,,1.85,1.85,1.85,해당없음(트리거 채널),,"GetRandomInt(1,4)==3 AND GetUnitPointValue(GetTriggerUnit())==200 ‖ GetRandomInt(1,4)==3 AND 버프보유(GetTriggerUnit(),'B06B')==true",추정(지점 여럿),h03I,
h03I,전설적인,제파 전 해군 대장 '흑완' - 전설적인,트리거,Trig_Legend23,"(GetUnitStateSwap(UNIT_STATE_MAX_LIFE,GetTriggerUnit())*(0.08))",대상최대체력,✅ TargetMaxHpPercent,NORMAL,UNIVERSAL,,0,조사함-게이트밖,,1,1,1,해당없음(트리거 채널),,"GetRandomInt(1,4)==3 AND GetUnitPointValue(GetTriggerUnit())==200 ‖ GetRandomInt(1,4)==3 AND 버프보유(GetTriggerUnit(),'B06B')==true",추정(지점 여럿),h03I,
h03K,전설적인,Dr.히루루크 나라를 치료한 의사 - 전설적인,트리거,Trig_Legend29,"(GetUnitStateSwap(UNIT_STATE_MAX_LIFE,GetEnumUnit())*0.50)",대상최대체력,✅ TargetMaxHpPercent,HERO,UNIVERSAL,,0,조사함-게이트밖,,1,1,1,해당없음(트리거 채널),,"(능력레벨('A0K9',GetAttacker())==1) AND (GetUnitPointValue(GetTriggerUnit())<199 AND GetRandomInt(1,40)<2)",확정,h03K,
h03K,전설적인,Dr.히루루크 나라를 치료한 의사 - 전설적인,더미,Trig_Legend29 → e0DX(!전설 히루루크 벚꽃) → A0O6,Uls3=100 Uls1=14 Uls2=1,스톡능력필드,✅ Flat(값 그대로),[미확인],[미확인],M히루루크 벚꽃 / 필드뜻[미확인],0,조사함-없음(더미채널),,해당없음(더미채널·RRD 아님),해당없음(더미채널·RRD 아님),해당없음(더미채널·RRD 아님),❌ 피해 아님(버프·디버프·배율·지속),0,해당없음(더미채널 — DUMMY_CHANNEL_GATES.csv 참고),해당없음,,✅ 태그 맞음(2026-09-06 재검증: base·atar·오더 4단계 대조)
h042,전설적인,시노부 쿠노이치 - 전설적인,트리거,Trig_Legend30,400000.00,Flat,✅ Flat,NORMAL,UNIVERSAL,,0,조사함-게이트밖,,1,1,1,해당없음(트리거 채널),,"GetRandomInt(1,7)==4",확정,h042,
h042,전설적인,시노부 쿠노이치 - 전설적인,트리거,Trig_Legend30,"(GetUnitStateSwap(UNIT_STATE_MAX_LIFE,GetTriggerUnit())*(0.01))",대상최대체력,✅ TargetMaxHpPercent,NORMAL,UNIVERSAL,,0,조사함-게이트밖,,1,1,1,해당없음(트리거 채널),,"GetRandomInt(1,7)==4 AND GetUnitPointValue(GetTriggerUnit())<200 ‖ GetRandomInt(1,7)==4 AND GetUnitPointValue(GetTriggerUnit())==200",추정(지점 여럿),h042,
h042,전설적인,시노부 쿠노이치 - 전설적인,트리거,Trig_Legend30,"((GetUnitStateSwap(UNIT_STATE_MAX_LIFE,GetTriggerUnit())*0.06)*(0.20+(0.05*I2R(GetUnitAbilityLevelSwapped('A11S',GetTriggerUnit())))))",대상최대체력+능력레벨,✅ TargetMaxHpPercent+계수(대상A11S(폭발형 피해 감수도) 축),MELEE,UNIVERSAL,,0,조사함-게이트밖,,1,1,1,해당없음(트리거 채널),,"GetRandomInt(1,7)==4 AND GetUnitPointValue(GetTriggerUnit())<200",확정,h042,
h042,전설적인,시노부 쿠노이치 - 전설적인,더미,Trig_Legend30 → e0HZ(!전설 시노부 더미4) → A0U5,Owk1=0.9,스톡능력필드,✅ Flat(값 그대로),[미확인],[미확인],더미 사운드-시노부 / 필드뜻[미확인],0,조사함-없음(더미채널),,해당없음(더미채널·RRD 아님),해당없음(더미채널·RRD 아님),해당없음(더미채널·RRD 아님),❌ 피해 아님(버프·디버프·배율·지속),0,해당없음(더미채널 — DUMMY_CHANNEL_GATES.csv 참고),해당없음,,✅ 태그 맞음(2026-09-06 재검증: base·atar·오더 4단계 대조)
h049,불멸의,실버즈 레일리 명왕 - 불멸의,더미,Trig_LaillySkill → e003(#불멸 레일리웨이브4) → A002,Ucs3=1100 Ucs1=300000 Ucs2=7e+07 Ucs4=487,스톡능력필드,✅ Flat(값 그대로),[미확인],[미확인],0장풍 레일리웨이브 / 필드뜻[미확인],0,조사함-없음(더미채널),,해당없음(더미채널·RRD 아님),해당없음(더미채널·RRD 아님),해당없음(더미채널·RRD 아님),⭕ 피해 있음 — ACca 시체 폭발선 — 대상당 피해,"300,000",해당없음(더미채널 — DUMMY_CHANNEL_GATES.csv 참고),해당없음,,
h04B,불멸의,금사자 시키 천신 - 불멸의,더미,Trig_Shiki_Attack → e026(#불멸 시키 더미) → A13U,Had1=-7,스톡능력필드,✅ Flat(값 그대로),[미확인],[미확인],B바닷물 방깎 / 필드뜻[미확인],0,조사함-없음(더미채널),,해당없음(더미채널·RRD 아님),해당없음(더미채널·RRD 아님),해당없음(더미채널·RRD 아님),❌ 피해 아님(버프·디버프·배율·지속),0,해당없음(더미채널 — DUMMY_CHANNEL_GATES.csv 참고),해당없음,,✅ 태그 맞음(2026-09-06 재검증: base·atar·오더 4단계 대조)
h04B,불멸의,금사자 시키 천신 - 불멸의,더미,Trig_Shiki_Attack → e026(#불멸 시키 더미) → A08O,Wrs1=400000 arlv=6,스톡능력필드,✅ Flat(값 그대로),[미확인],[미확인],2범위 시키불멸 스턴 / 필드뜻[미확인],0,조사함-없음(더미채널),,해당없음(더미채널·RRD 아님),해당없음(더미채널·RRD 아님),해당없음(더미채널·RRD 아님),⭕ 피해 있음 — AOws 전쟁의 함성 — 피해,"400,000",해당없음(더미채널 — DUMMY_CHANNEL_GATES.csv 참고),해당없음,,
h04C,불멸의,몽키.D.거프 해군영웅 주먹의 거프 - 불멸의,더미,Trig_Garp_Attack → e02M(#불멸 거프공속증가) → A08W,Blo1=0.45,스톡능력필드,✅ Flat(값 그대로),[미확인],[미확인],4지정 거프불멸 / 필드뜻[미확인],0,조사함-없음(더미채널),,해당없음(더미채널·RRD 아님),해당없음(더미채널·RRD 아님),해당없음(더미채널·RRD 아님),❌ 피해 아님(버프·디버프·배율·지속),0,해당없음(더미채널 — DUMMY_CHANNEL_GATES.csv 참고),해당없음,,✅ 태그 맞음(2026-09-06 재검증: base·atar·오더 4단계 대조)
h04D,불멸의,몽키.D.드래곤 혁명군의 수장 - 불멸의,더미,Trig_Dragon_Attack → e02L(#불멸 드래곤스턴2) → A08V,Wrs1=250000,스톡능력필드,✅ Flat(값 그대로),[미확인],[미확인],2범위 드래곤불멸스턴더미 / 필드뜻[미확인],0,조사함-없음(더미채널),,해당없음(더미채널·RRD 아님),해당없음(더미채널·RRD 아님),해당없음(더미채널·RRD 아님),⭕ 피해 있음 — AOws 전쟁의 함성 — 피해,"250,000",해당없음(더미채널 — DUMMY_CHANNEL_GATES.csv 참고),해당없음,,
h04E,불멸의,"센고쿠 해군원수 ""부처님"" - 불멸의",트리거,Trig_Sengoku_Attack,"(400000.00+(GetUnitStateSwap(UNIT_STATE_LIFE,GetEnumUnit())*0.02))",대상현재체력,✅ TargetCurrentHpPercent,NORMAL,UNIVERSAL,,0,조사함-게이트밖,,1,1,1,해당없음(트리거 채널),,"GetRandomInt(1,20)==8 AND 능력레벨('A0D8',GetAttacker())==2",확정,h04E,
h04E,불멸의,"센고쿠 해군원수 ""부처님"" - 불멸의",트리거,Trig_Sengoku_Attack,"(300000.00+(GetUnitStateSwap(UNIT_STATE_LIFE,GetEnumUnit())*(0.01*1.50)))",대상현재체력,✅ TargetCurrentHpPercent,NORMAL,UNIVERSAL,,0,조사함-게이트밖,,1,1,1,해당없음(트리거 채널),,"GetRandomInt(1,20)==8 AND NOT(능력레벨('A0D8',GetAttacker())==2)",확정,h04E,
h04E,불멸의,"센고쿠 해군원수 ""부처님"" - 불멸의",더미,Trig_Sengoku_Attack → e02B(#불멸 센고쿠 여래신장 더스트) → A0PL,Wrs1=427500,스톡능력필드,✅ Flat(값 그대로),[미확인],[미확인],2범위 센불 스턴1 / 필드뜻[미확인],0,조사함-없음(더미채널),,해당없음(더미채널·RRD 아님),해당없음(더미채널·RRD 아님),해당없음(더미채널·RRD 아님),⭕ 피해 있음 — AOws 전쟁의 함성 — 피해,"427,500",해당없음(더미채널 — DUMMY_CHANNEL_GATES.csv 참고),해당없음,,
h04F,불멸의,스코퍼 가반 로져 해적단의 검호 - 불멸의,더미,Trig_Gaban_Attack → e055(#불멸 가반 공증 더미) → A05G,Nbr1=750000,스톡능력필드,✅ Flat(값 그대로),[미확인],[미확인],!가반공격력증가1 / 필드뜻[미확인],0,조사함-없음(더미채널),,해당없음(더미채널·RRD 아님),해당없음(더미채널·RRD 아님),해당없음(더미채널·RRD 아님),⭕ 피해 있음 — ANbr — 피해,"750,000",해당없음(더미채널 — DUMMY_CHANNEL_GATES.csv 참고),해당없음,,
h04G,불멸의,"제트 해군 스승 ""Z"" - 불멸의",트리거,Trig_Z_Attack,"(GetUnitStateSwap(UNIT_STATE_MAX_LIFE,GetTriggerUnit())*(0.025))",대상최대체력,✅ TargetMaxHpPercent,NORMAL,UNIVERSAL,,0,조사함-게이트밖,,1,1,1,해당없음(트리거 채널),,"NOT(시전자마나==160.00) ‖ 버프보유(GetTriggerUnit(),'B06B')==true",추정(지점 여럿),h04G,
h04H,희귀함,쥬라클 미호크 칠무해 - 희귀함,트리거,Trig_Unique8,12500.00,Flat,✅ Flat,NORMAL,UNIVERSAL,,0,조사함-게이트밖,,1,2,1.5,해당없음(트리거 채널),,"GetRandomInt(1,10)==3",확정,h04H,
h04J,불멸의,골.D.로져 해적왕 - 불멸의,트리거,Trig_roger_Attack,800000.00,Flat,✅ Flat,HERO,NORMAL,,0,조사함-게이트밖,,1,1.5,1.25,해당없음(트리거 채널),,"GetRandomInt(1,1000)<86",확정,h04J,
h04J,불멸의,골.D.로져 해적왕 - 불멸의,트리거,Trig_roger_Attack,1000000.00,Flat,✅ Flat,HERO,NORMAL,,0,조사함-게이트밖,,1,1.5,1.25,해당없음(트리거 채널),,"GetRandomInt(1,1000)<86",확정,h04J,
h04J,불멸의,골.D.로져 해적왕 - 불멸의,더미,Trig_roger_Attack → e07W(#불멸 로저 더미4) → A12U,Prg5=0.5 Prg4=0.5,스톡능력필드,✅ Flat(값 그대로),[미확인],[미확인], / 필드뜻[미확인],0,조사함-없음(더미채널),,해당없음(더미채널·RRD 아님),해당없음(더미채널·RRD 아님),해당없음(더미채널·RRD 아님),❌ 피해 아님(버프·디버프·배율·지속),0,해당없음(더미채널 — DUMMY_CHANNEL_GATES.csv 참고),해당없음,,✅ 태그 맞음(2026-09-06 재검증: base·atar·오더 4단계 대조)
h04Q,불멸의,빅 맘 강철 풍선 - 불멸의,트리거,Trig_Bigmam_Attack,((GetEventDamage()*1.98)+999999.00),실제평타피해,❌ 스키마에 없음,CHAOS,UNIVERSAL,,0,조사함-식대조실패,,0.5,0.5,0.5,해당없음(트리거 채널),,Stage[GlobalTV]==2 ‖ Stage[GlobalTV]==3,추정(지점 여럿),h04Q,
h04Q,불멸의,빅 맘 강철 풍선 - 불멸의,더미,Trig_Bigmam_Attack → e05R(@초월 빅맘 더미 3) → A14P,Blo3=0.1 Blo1=1.75,스톡능력필드,✅ Flat(값 그대로),[미확인],[미확인],^빅맘 광증 / 필드뜻[미확인],0,조사함-없음(더미채널),,해당없음(더미채널·RRD 아님),해당없음(더미채널·RRD 아님),해당없음(더미채널·RRD 아님),❌ 피해 아님(버프·디버프·배율·지속),0,해당없음(더미채널 — DUMMY_CHANNEL_GATES.csv 참고),해당없음,,✅ 태그 맞음(2026-09-06 재검증: base·atar·오더 4단계 대조)
h057,영원한,알라바스타의 왕녀-ver파이러츠 네펠타리 비비 - 영원한,더미,Trig_ViVi_Attack → e0D3(E영원 비비 절대쿨 더미) → A121,Blo1=4,스톡능력필드,✅ Flat(값 그대로),[미확인],[미확인],^비비영원 3연사공속버프 / 필드뜻[미확인],0,조사함-없음(더미채널),,해당없음(더미채널·RRD 아님),해당없음(더미채널·RRD 아님),해당없음(더미채널·RRD 아님),❌ 피해 아님(버프·디버프·배율·지속),0,해당없음(더미채널 — DUMMY_CHANNEL_GATES.csv 참고),해당없음,,✅ 태그 맞음(2026-09-06 재검증: base·atar·오더 4단계 대조)
h057,영원한,알라바스타의 왕녀-ver파이러츠 네펠타리 비비 - 영원한,더미,Trig_ViVi_Attack → e0D3(E영원 비비 절대쿨 더미) → A0LY,Ufa1=6,스톡능력필드,✅ Flat(값 그대로),[미확인],[미확인],5절대쿨 비비 / 필드뜻[미확인],0,조사함-없음(더미채널),,해당없음(더미채널·RRD 아님),해당없음(더미채널·RRD 아님),해당없음(더미채널·RRD 아님),❌ 피해 아님(버프·디버프·배율·지속),0,해당없음(더미채널 — DUMMY_CHANNEL_GATES.csv 참고),해당없음,,✅ 태그 맞음(2026-09-06 재검증: base·atar·오더 4단계 대조)
h059,영원한,'화권의' 포트거스.D.에이스 - 영원한,트리거,Trig_Ace_Attack,300000.00,Flat,✅ Flat,NORMAL,UNIVERSAL,,0,조사함-게이트밖,,1,1,1,해당없음(트리거 채널),,"GetRandomInt(1,8)==7",확정,h059,
h059,영원한,'화권의' 포트거스.D.에이스 - 영원한,트리거,Trig_Ace_Attack,1000000.00,Flat,✅ Flat,NORMAL,UNIVERSAL,,0,조사함-게이트밖,,1,1,1,해당없음(트리거 채널),,"GetRandomInt(1,8)==7",확정,h059,
h059,영원한,'화권의' 포트거스.D.에이스 - 영원한,더미,Trig_Ace_Attack → e0AB(E영원 에이스 특대화권 더미1) → A0BL,Ucs3=950 Ucs1=1.15e+06 Ucs2=8e+07 Ucs4=460,스톡능력필드,✅ Flat(값 그대로),[미확인],[미확인],0장풍 에이스 불주먹-5영원 / 필드뜻[미확인],0,조사함-없음(더미채널),,해당없음(더미채널·RRD 아님),해당없음(더미채널·RRD 아님),해당없음(더미채널·RRD 아님),⭕ 피해 있음 — ACca 시체 폭발선 — 대상당 피해,"1,150,000",해당없음(더미채널 — DUMMY_CHANNEL_GATES.csv 참고),해당없음,,
h059,영원한,'화권의' 포트거스.D.에이스 - 영원한,더미,Trig_Ace_Attack → e0AB(E영원 에이스 특대화권 더미1) → A0CB,Ufa1=4.25,스톡능력필드,✅ Flat(값 그대로),[미확인],[미확인],5절대쿨 에이스영원 / 필드뜻[미확인],0,조사함-없음(더미채널),,해당없음(더미채널·RRD 아님),해당없음(더미채널·RRD 아님),해당없음(더미채널·RRD 아님),❌ 피해 아님(버프·디버프·배율·지속),0,해당없음(더미채널 — DUMMY_CHANNEL_GATES.csv 참고),해당없음,,✅ 태그 맞음(2026-09-06 재검증: base·atar·오더 4단계 대조)
h059,영원한,'화권의' 포트거스.D.에이스 - 영원한,더미,Trig_Ace_Attack → e0AI(E영원 에이스 특대화권 더미2) → A0OH,Eim1=120000,스톡능력필드,✅ Flat(값 그대로),[미확인],[미확인],5범위 영원함-에이스 화권 / 필드뜻[미확인],0,조사함-없음(더미채널),,해당없음(더미채널·RRD 아님),해당없음(더미채널·RRD 아님),해당없음(더미채널·RRD 아님),⭕ 피해 있음 — ANpi — 피해,"120,000",해당없음(더미채널 — DUMMY_CHANNEL_GATES.csv 참고),해당없음,,
h059,영원한,'화권의' 포트거스.D.에이스 - 영원한,더미,Trig_Ace_Attack → e0D8(E영원 에이스 특대화권 더미0) → A0CB,Ufa1=4.25,스톡능력필드,✅ Flat(값 그대로),[미확인],[미확인],5절대쿨 에이스영원 / 필드뜻[미확인],0,조사함-없음(더미채널),,해당없음(더미채널·RRD 아님),해당없음(더미채널·RRD 아님),해당없음(더미채널·RRD 아님),❌ 피해 아님(버프·디버프·배율·지속),0,해당없음(더미채널 — DUMMY_CHANNEL_GATES.csv 참고),해당없음,,✅ 태그 맞음(2026-09-06 재검증: base·atar·오더 4단계 대조)
h05A,영원한,천냥광대 버기 - 영원한,더미,Trig_Bugi_Attack → e0AJ(E영원 버기 더미) → A0M5,Roa1=-0.33,스톡능력필드,✅ Flat(값 그대로),[미확인],[미확인],7하울오브테러 버영 허세 / 필드뜻[미확인],0,조사함-없음(더미채널),,해당없음(더미채널·RRD 아님),해당없음(더미채널·RRD 아님),해당없음(더미채널·RRD 아님),❌ 피해 아님(버프·디버프·배율·지속),0,해당없음(더미채널 — DUMMY_CHANNEL_GATES.csv 참고),해당없음,,✅ 태그 맞음(2026-09-06 재검증: base·atar·오더 4단계 대조)
h05A,영원한,천냥광대 버기 - 영원한,더미,Trig_Bugi_Attack → h076(|cffdb7093[히든조합]엠포리오 이완코브|r|cffff0000임펠다운 5.5층 뉴카마왕국의 왕(?)|r소환됨) → A0E4,Had1=-11,스톡능력필드,✅ Flat(값 그대로),[미확인],[미확인],B뉴카마 / 필드뜻[미확인],0,조사함-없음(더미채널),,해당없음(더미채널·RRD 아님),해당없음(더미채널·RRD 아님),해당없음(더미채널·RRD 아님),❌ 피해 아님(버프·디버프·배율·지속),0,해당없음(더미채널 — DUMMY_CHANNEL_GATES.csv 참고),해당없음,,✅ 태그 맞음(2026-09-06 재검증: base·atar·오더 4단계 대조)
h05A,영원한,천냥광대 버기 - 영원한,더미,Trig_Bugi_Attack → h076(|cffdb7093[히든조합]엠포리오 이완코브|r|cffff0000임펠다운 5.5층 뉴카마왕국의 왕(?)|r소환됨) → A12V,Inf1=0.45,스톡능력필드,✅ Flat(값 그대로),[미확인],[미확인],!호르몬호르몬 열매1 / 필드뜻[미확인],0,조사함-없음(더미채널),,해당없음(더미채널·RRD 아님),해당없음(더미채널·RRD 아님),해당없음(더미채널·RRD 아님),❌ 피해 아님(버프·디버프·배율·지속),0,해당없음(더미채널 — DUMMY_CHANNEL_GATES.csv 참고),해당없음,,✅ 태그 맞음(2026-09-06 재검증: base·atar·오더 4단계 대조)
h05A,영원한,천냥광대 버기 - 영원한,더미,Trig_Bugi_Attack → h076(|cffdb7093[히든조합]엠포리오 이완코브|r|cffff0000임펠다운 5.5층 뉴카마왕국의 왕(?)|r소환됨) → A07N,atac=1,스톡능력필드,✅ Flat(값 그대로),[미확인],[미확인],스피어 히든 조합 / 필드뜻[미확인],0,조사함-없음(더미채널),,해당없음(더미채널·RRD 아님),해당없음(더미채널·RRD 아님),해당없음(더미채널·RRD 아님),❌ 피해 아님(버프·디버프·배율·지속),0,해당없음(더미채널 — DUMMY_CHANNEL_GATES.csv 참고),해당없음,,✅ 태그 맞음(2026-09-06 재검증: base·atar·오더 4단계 대조)
h05A,영원한,천냥광대 버기 - 영원한,더미,Trig_Bugi_Attack → h079(|cffc0c0c0임펠다운 Lv.6죄수|r |cffb8860b버기의 부하|r - |cff00fa9a초월함|r) → A0F1,Hbh1=20 Hbh2=1.5,스톡능력필드,✅ Flat(값 그대로),[미확인],[미확인],!강력범-죄수크리 / 필드뜻[미확인],0,조사함-없음(더미채널),,해당없음(더미채널·RRD 아님),해당없음(더미채널·RRD 아님),해당없음(더미채널·RRD 아님),"🔴 오탐 정정(2026-09-06) — 피해 있음: ACbh Hbh1=20(20%)·Hbh2=1.5(1.5배 크리티컬)·atar=air,enemies,ground. Hbh3=0만 보고 「피해 아님」으로 태그했던 것",0,해당없음(더미채널 — DUMMY_CHANNEL_GATES.csv 참고),해당없음,,✅ 유효 — 삭제 금지
h05B,영원한,해적왕자-롬멜의 카마이타치 카벤딧슈 - 영원한,트리거,Trig_Cavendish_Attack,500000.00,Flat,✅ Flat,CHAOS,NORMAL,,0,조사함-게이트밖,,1,1,1,해당없음(트리거 채널),,"GetRandomInt(1,10)==6",확정,h05B,
h05B,영원한,해적왕자-롬멜의 카마이타치 카벤딧슈 - 영원한,트리거,Trig_Cavendish_Attack,950000.00,Flat,✅ Flat,CHAOS,NORMAL,,0,조사함-게이트밖,,1,1,1,해당없음(트리거 채널),,"NOT(GetRandomInt(1,10)==6) AND GetRandomInt(1,9)==7",확정,h05B,
h05B,영원한,해적왕자-롬멜의 카마이타치 카벤딧슈 - 영원한,트리거,Trig_Cavendish_Attack,1625000.00,Flat,✅ Flat,CHAOS,UNIVERSAL,,0,조사함-게이트밖,,1,1,1,해당없음(트리거 채널),,"GetRandomInt(1,10)==6",확정,h05B,
h05B,영원한,해적왕자-롬멜의 카마이타치 카벤딧슈 - 영원한,트리거,Trig_Cavendish_Attack,2775000.00,Flat,✅ Flat,CHAOS,UNIVERSAL,,0,조사함-게이트밖,,1,1,1,해당없음(트리거 채널),,"NOT(GetRandomInt(1,10)==6) AND GetRandomInt(1,9)==7",확정,h05B,
h05B,영원한,해적왕자-롬멜의 카마이타치 카벤딧슈 - 영원한,더미,Trig_Cavendish_Attack → e08G(E영원 캐번디시 1스킬 더미1) → A0X3,Idam=50000 Iob5=1,스톡능력필드,✅ Flat(값 그대로),[미확인],[미확인],/캐번디시 백조 / 필드뜻[미확인],0,조사함-없음(더미채널),,해당없음(더미채널·RRD 아님),해당없음(더미채널·RRD 아님),해당없음(더미채널·RRD 아님),⭕ 피해 있음 — AIfb — 피해,"50,000",해당없음(더미채널 — DUMMY_CHANNEL_GATES.csv 참고),해당없음,,
h05B,영원한,해적왕자-롬멜의 카마이타치 카벤딧슈 - 영원한,더미,Trig_Cavendish_Attack → e08G(E영원 캐번디시 1스킬 더미1) → A0B3,Wrs1=50000,스톡능력필드,✅ Flat(값 그대로),[미확인],[미확인],2범위 캐번디시 스턴 / 필드뜻[미확인],0,조사함-없음(더미채널),,해당없음(더미채널·RRD 아님),해당없음(더미채널·RRD 아님),해당없음(더미채널·RRD 아님),⭕ 피해 있음 — AOws 전쟁의 함성 — 피해,"50,000",해당없음(더미채널 — DUMMY_CHANNEL_GATES.csv 참고),해당없음,,
h05C,영원한,'아마존릴리의 여제'  보아 핸콕 - 영원한,더미,Trig_Hancock_Attack → e0E3(E영원 핸콕 버프 더미) → A0OP,Blo1=-0.15,스톡능력필드,✅ Flat(값 그대로),[미확인],[미확인],4지정 핸콕 슬레이브 애로우 / 필드뜻[미확인],0,조사함-없음(더미채널),,해당없음(더미채널·RRD 아님),해당없음(더미채널·RRD 아님),해당없음(더미채널·RRD 아님),❌ 피해 아님(버프·디버프·배율·지속),0,해당없음(더미채널 — DUMMY_CHANNEL_GATES.csv 참고),해당없음,,✅ 태그 맞음(2026-09-06 재검증: base·atar·오더 4단계 대조)
h05F,제한됨,크로커다일 사막의 악어 - 제한됨,트리거,Trig_croTrans,800000.00,Flat,✅ Flat,NORMAL,UNIVERSAL,,0,조사함-게이트밖,,1,2,1.5,해당없음(트리거 채널),,"GetRandomInt(1,17)==3",확정,h05F,
h05G,제한됨,패트릭 레드필드 붉은백작 - 제한됨,트리거,Trig_RedAttack,"((GetUnitStateSwap(UNIT_STATE_MAX_LIFE,GetTriggerUnit())*(0.0275))*1.00)",대상최대체력,✅ TargetMaxHpPercent,CHAOS,UNIVERSAL,,0,조사함-게이트밖,,1,1,1,해당없음(트리거 채널),,"GetRandomInt(1,4)>1 AND GetUnitPointValue(GetTriggerUnit())<200",확정,h05G,
h05G,제한됨,패트릭 레드필드 붉은백작 - 제한됨,트리거,Trig_RedAttack,162500.00,Flat,✅ Flat,NORMAL,UNIVERSAL,,0,조사함-게이트밖,,1,1,1,해당없음(트리거 채널),,"GetRandomInt(1,4)>1 AND NOT(GetUnitPointValue(GetTriggerUnit())<200)",확정,h05G,
h05G,제한됨,패트릭 레드필드 붉은백작 - 제한됨,더미,Trig_RedAttack → e07R(%제한됨 패트릭 흡혈 2) → A0PV,Ucs1=700000 Ucs2=7e+07 Ucs4=450,스톡능력필드,✅ Flat(값 그대로),[미확인],[미확인],0장풍 패트릭 장풍 / 필드뜻[미확인],0,조사함-없음(더미채널),,해당없음(더미채널·RRD 아님),해당없음(더미채널·RRD 아님),해당없음(더미채널·RRD 아님),⭕ 피해 있음 — ACca 시체 폭발선 — 대상당 피해,"700,000",해당없음(더미채널 — DUMMY_CHANNEL_GATES.csv 참고),해당없음,,
h05S,변화된,돈키호테 도플라밍고 하늘귀신 - 변화된,트리거,Trig_Transpom2,100000.00,Flat,✅ Flat,NORMAL,UNIVERSAL,,0,조사함-게이트밖,,1,1,1,해당없음(트리거 채널),,"GetRandomInt(1,10)==6",확정,h05S,
h05W,변화된,비비 알라바스타의 왕녀 - 변화된,트리거,Trig_Transpom1,100000.00,Flat,✅ Flat,NORMAL,UNIVERSAL,,0,조사함-게이트밖,,1,1,1,해당없음(트리거 채널),,"GetRandomInt(1,10)==3",확정,h05W,
h05W,변화된,비비 알라바스타의 왕녀 - 변화된,트리거,Trig_Transpom1,180000.00,Flat,✅ Flat,MELEE,NORMAL,,0,조사함-게이트밖,,1,1,1,해당없음(트리거 채널),,"GetRandomInt(1,10)==3",확정,h05W,
h05W,변화된,비비 알라바스타의 왕녀 - 변화된,트리거,Trig_Transpom1,250000.00,Flat,✅ Flat,NORMAL,UNIVERSAL,,0,조사함-게이트밖,,1,1,1,해당없음(트리거 채널),,"GetRandomInt(1,20)==4",확정,h05W,
h067,영원한,세계의 가희 우타 - 영원한,더미,Trig_Uta_Attack → e0R1(E영원 우타 오선보1) → A16W,Wrs1=450000,스톡능력필드,✅ Flat(값 그대로),[미확인],[미확인],2범위 우타 스턴 / 필드뜻[미확인],0,조사함-없음(더미채널),,해당없음(더미채널·RRD 아님),해당없음(더미채널·RRD 아님),해당없음(더미채널·RRD 아님),⭕ 피해 있음 — AOws 전쟁의 함성 — 피해,"450,000",해당없음(더미채널 — DUMMY_CHANNEL_GATES.csv 참고),해당없음,,
h06T,랜덤전용,뱀파이어 - 랜덤전용,트리거,Trig_vampire,1800000.00,Flat,✅ Flat,CHAOS,UNIVERSAL,,0,조사함-게이트밖,,1,1,1,해당없음(트리거 채널),,"(R2I(시전자마나)==115 AND 능력레벨('A0LA',GetAttacker())==1)",확정,h06T,
h06T,랜덤전용,뱀파이어 - 랜덤전용,트리거,Trig_vampire,300000.00,Flat,✅ Flat,CHAOS,UNIVERSAL,,0,조사함-게이트밖,,1,3,2,해당없음(트리거 채널),,"(GetRandomInt(1,10)==5)",확정,h06T,
h06U,랜덤전용,k' - 랜덤전용,트리거,Trig_k1,600000.00,Flat,✅ Flat,CHAOS,NORMAL,,0,조사함-게이트밖,,1,2,1.5,해당없음(트리거 채널),,"(능력레벨('A0KT',GetAttacker())==2 AND GetRandomInt(1,33)==5)",확정,h06U,
h06U,랜덤전용,k' - 랜덤전용,트리거,Trig_k1,300000.00,Flat,✅ Flat,CHAOS,NORMAL,,0,조사함-게이트밖,,1,1,1,해당없음(트리거 채널),,"(GetRandomInt(1,7)==3 AND 능력레벨('A0KT',GetAttacker())==2)",확정,h06U,
h06U,랜덤전용,k' - 랜덤전용,더미,Trig_k1 → e0CQ(R랜유 k 더미 4 미닛츠 이펙트) → A0LJ,Wrs1=5000,스톡능력필드,✅ Flat(값 그대로),[미확인],[미확인],2범위 미닛츠 스파이크 / 필드뜻[미확인],0,조사함-없음(더미채널),,해당없음(더미채널·RRD 아님),해당없음(더미채널·RRD 아님),해당없음(더미채널·RRD 아님),⭕ 피해 있음 — AOws 전쟁의 함성 — 피해,"5,000",해당없음(더미채널 — DUMMY_CHANNEL_GATES.csv 참고),해당없음,,
h06U,랜덤전용,k' - 랜덤전용,더미,Trig_k1 → e0CT(R랜유 k 더미 3 미닛츠 더미) → A0LJ,Wrs1=5000,스톡능력필드,✅ Flat(값 그대로),[미확인],[미확인],2범위 미닛츠 스파이크 / 필드뜻[미확인],0,조사함-없음(더미채널),,해당없음(더미채널·RRD 아님),해당없음(더미채널·RRD 아님),해당없음(더미채널·RRD 아님),⭕ 피해 있음 — AOws 전쟁의 함성 — 피해,"5,000",해당없음(더미채널 — DUMMY_CHANNEL_GATES.csv 참고),해당없음,,
h06U,랜덤전용,k' - 랜덤전용,더미,Trig_k1 → e0EP(R랜유 k 더미 1 체인 드라이브2 공속증가) → A0QK,Blo1=4,스톡능력필드,✅ Flat(값 그대로),[미확인],[미확인],^k 버프 / 필드뜻[미확인],0,조사함-없음(더미채널),,해당없음(더미채널·RRD 아님),해당없음(더미채널·RRD 아님),해당없음(더미채널·RRD 아님),❌ 피해 아님(버프·디버프·배율·지속),0,해당없음(더미채널 — DUMMY_CHANNEL_GATES.csv 참고),해당없음,,✅ 태그 맞음(2026-09-06 재검증: base·atar·오더 4단계 대조)
h06V,랜덤전용,나루토 선인모드 - 랜덤전용,더미,Trig_Naruto1 → e0CJ(R랜유 풍둔 나선 수리검 더미) → A0LG,Oww1=180000,스톡능력필드,✅ Flat(값 그대로),[미확인],[미확인],V나선 수리검 / 필드뜻[미확인],0,조사함-없음(더미채널),,해당없음(더미채널·RRD 아님),해당없음(더미채널·RRD 아님),해당없음(더미채널·RRD 아님),⭕ 피해 있음 — AOww 회오리 — 피해,"180,000",해당없음(더미채널 — DUMMY_CHANNEL_GATES.csv 참고),해당없음,,
h06V,랜덤전용,나루토 선인모드 - 랜덤전용,더미,Trig_Naruto1 → e0CL(R랜유 대옥나선환 더미) → A0LF,Wrs1=450000,스톡능력필드,✅ Flat(값 그대로),[미확인],[미확인],2범위 대옥나선환 / 필드뜻[미확인],0,조사함-없음(더미채널),,해당없음(더미채널·RRD 아님),해당없음(더미채널·RRD 아님),해당없음(더미채널·RRD 아님),⭕ 피해 있음 — AOws 전쟁의 함성 — 피해,"450,000",해당없음(더미채널 — DUMMY_CHANNEL_GATES.csv 참고),해당없음,,
h06X,랜덤전용,센토 이스즈 - 랜덤전용,트리거,Trig_isz,1500000.00,Flat,✅ Flat,CHAOS,NORMAL,,0,조사함-게이트밖,,1,1,1,해당없음(트리거 채널),,"(GetRandomInt(1,6)==5)",확정,h06X,
h070,랜덤전용,이사야마 요미 - 랜덤전용,트리거,Trig_yomi2,400000.00,Flat,✅ Flat,CHAOS,NORMAL,,0,조사함-게이트밖,,1,2,1.5,해당없음(트리거 채널),,"(능력레벨('A0KC',GetAttacker())==1) AND (GetRandomInt(1,12)==5)",확정,h070,
h071,랜덤전용,쿠로사키 이치고 - 랜덤전용,트리거,Trig_ichigo1,200000.00,Flat,✅ Flat,CHAOS,UNIVERSAL,,0,조사함-게이트밖,,1,1,1,해당없음(트리거 채널),,"GetUnitUserData(GetAttacker())==1 AND GetRandomInt(1,5)==3",확정,h071,
h071,랜덤전용,쿠로사키 이치고 - 랜덤전용,트리거,Trig_ichigo1,"(GetUnitStateSwap(UNIT_STATE_MAX_LIFE,GetTriggerUnit())*(0.02))",대상최대체력,✅ TargetMaxHpPercent,NORMAL,UNIVERSAL,,0,조사함-게이트밖,,1,1,1,해당없음(트리거 채널),,"GetUnitUserData(GetAttacker())==1 AND GetRandomInt(1,5)==3 AND GetUnitPointValue(GetTriggerUnit())<200",확정,h071,
h071,랜덤전용,쿠로사키 이치고 - 랜덤전용,트리거,Trig_ichigo1,100000.00,Flat,✅ Flat,NORMAL,UNIVERSAL,,0,조사함-게이트밖,,1,1,1,해당없음(트리거 채널),,"GetUnitUserData(GetAttacker())==1 AND GetRandomInt(1,5)==3 AND NOT(GetUnitPointValue(GetTriggerUnit())<200)",확정,h071,
h071,랜덤전용,쿠로사키 이치고 - 랜덤전용,더미,Trig_ichigo1 → e0O7(!이치고 월아) → A093,Ucs3=1150 Ucs1=450000 Ucs2=9e+07 Ucs4=375,스톡능력필드,✅ Flat(값 그대로),[미확인],[미확인],0장풍 검은 월아천충 / 필드뜻[미확인],0,조사함-없음(더미채널),,해당없음(더미채널·RRD 아님),해당없음(더미채널·RRD 아님),해당없음(더미채널·RRD 아님),⭕ 피해 있음 — ACca 시체 폭발선 — 대상당 피해,"450,000",해당없음(더미채널 — DUMMY_CHANNEL_GATES.csv 참고),해당없음,,
h072,랜덤전용,하네카와 츠바사 - 랜덤전용,더미,Trig_cat1 → e0CF(R랜유 츠바사 더미1) → A0LD,Htc1=150000 Htc3=0.7,스톡능력필드,✅ Flat(값 그대로),[미확인],[미확인],3범위 츠바사 할퀴기 / 필드뜻[미확인],0,조사함-없음(더미채널),,해당없음(더미채널·RRD 아님),해당없음(더미채널·RRD 아님),해당없음(더미채널·RRD 아님),⭕ 피해 있음 — AHtc 천둥 강타 — 피해,"150,000",해당없음(더미채널 — DUMMY_CHANNEL_GATES.csv 참고),해당없음,,
h072,랜덤전용,하네카와 츠바사 - 랜덤전용,더미,Trig_cat1 → e0CG(R랜유 츠바사 더미2) → A0LE,Htc1=350000 Htc3=0.85,스톡능력필드,✅ Flat(값 그대로),[미확인],[미확인],3범위 츠바사 할퀴기 2 / 필드뜻[미확인],0,조사함-없음(더미채널),,해당없음(더미채널·RRD 아님),해당없음(더미채널·RRD 아님),해당없음(더미채널·RRD 아님),⭕ 피해 있음 — AHtc 천둥 강타 — 피해,"350,000",해당없음(더미채널 — DUMMY_CHANNEL_GATES.csv 참고),해당없음,,
h073,랜덤전용,야가미 라이토 - 랜덤전용,트리거,Trig_Light1,"(GetUnitStateSwap(UNIT_STATE_LIFE,GetEnumUnit())*0.01)",대상현재체력,✅ TargetCurrentHpPercent,CHAOS,UNIVERSAL,,0,조사함-게이트밖,,1,1,1,해당없음(트리거 채널),,"(GetRandomInt(1,10)==5) AND (GetUnitPointValue(GetTriggerUnit())<200)",확정,h073,
h073,랜덤전용,야가미 라이토 - 랜덤전용,트리거,Trig_Light1,350000.00,Flat,✅ Flat,CHAOS,NORMAL,,0,조사함-게이트밖,,1,3,2,해당없음(트리거 채널),,"(능력레벨('A0L7',GetAttacker())==1 AND GetRandomInt(1,19)==5)",확정,h073,
h073,랜덤전용,야가미 라이토 - 랜덤전용,트리거,Trig_Light1,"((GetUnitStateSwap(UNIT_STATE_LIFE,GetTriggerUnit())*0.30)*(0.20+(0.05*I2R(GetUnitAbilityLevelSwapped('A11S',GetTriggerUnit())))))",대상현재체력+능력레벨,✅ TargetCurrentHpPercent+계수(대상A11S(폭발형 피해 감수도) 축),HERO,UNIVERSAL,,0,조사함-게이트밖,,1,1,1,해당없음(트리거 채널),,"(GetRandomInt(1,10)==5) AND (GetUnitPointValue(GetTriggerUnit())<200)",확정,h073,
h07I,제한됨,샬롯 카타쿠리 장성 밀가루 대신 - 제한됨,더미,Trig_katakuriAttack → e0FA(%제한됨변화 카타쿠리 버프) → A0R7,Blo1=4,스톡능력필드,✅ Flat(값 그대로),[미확인],[미확인],^카타쿠리 버프 / 필드뜻[미확인],0,조사함-없음(더미채널),,해당없음(더미채널·RRD 아님),해당없음(더미채널·RRD 아님),해당없음(더미채널·RRD 아님),❌ 피해 아님(버프·디버프·배율·지속),0,해당없음(더미채널 — DUMMY_CHANNEL_GATES.csv 참고),해당없음,,✅ 태그 맞음(2026-09-06 재검증: base·atar·오더 4단계 대조)
h07J,변화된,캐럿 스론 달의 사자 - 변화된,트리거,Trig_carrotattack,"(100000.00*(0.20+(0.05*I2R(GetUnitAbilityLevelSwapped('A11S',GetEnumUnit())))))",능력레벨,✅ 계수(대상A11S(폭발형 피해 감수도) 축),CHAOS,UNIVERSAL,,0,조사함-게이트밖,,1,1,1,해당없음(트리거 채널),,"GetRandomInt(1,2)==2",확정,h07J,
h07M,불멸의,카이도 사황'백수의 왕' - 불멸의,트리거,Trig_Kaido_Attack,((s__TrigVariables__get_realB(GlobalTV)*0.10)+150000.00),앞단계중간값,❌ 스키마에 없음,NORMAL,UNIVERSAL,,0,조사함-게이트밖,,1,1,1,해당없음(트리거 채널),,"(Stage[GlobalTV]==4) AND GetRandomInt(1,10)<5 ‖ (Stage[GlobalTV]==4) AND NOT(GetRandomInt(1,10)<5) ‖ (Stage[GlobalTV]==6) AND GetRandomInt(1,10)<5 ‖ (Stage[GlobalTV]==6) AND NOT(GetRandomInt(1,10)<5)",추정(지점 여럿),h07M,
h07M,불멸의,카이도 사황'백수의 왕' - 불멸의,트리거,Trig_Kaido_Attack,s__TrigVariables__get_realD(GlobalTV),앞단계중간값,❌ 스키마에 없음,CHAOS,NORMAL,,0,조사함-게이트밖,,1,1,1,해당없음(트리거 채널),,"(Stage[GlobalTV]==4) ‖ (Stage[GlobalTV]==4) AND (GetEventDamage()>=10.00) ‖ (Stage[GlobalTV]==4) AND GetRandomInt(1,10)<5 ‖ (Stage[GlobalTV]==4) AND NOT(GetRandomInt(1,10)<5) ‖ (Stage[GlobalTV]==5) ‖ (Stage[GlobalTV]==5) AND (GetEventDamage()>=10.00) ‖ (Stage[GlobalTV]==6) ‖ (Stage[GlobalTV]==6) AND GetRandomInt(1,10)<5 ‖ (Stage[GlobalTV]==6) AND NOT(GetRandomInt(1,10)<5) ‖ (무조건) ‖ Stage[GlobalTV]",추정(지점 여럿),h07M,
h07M,불멸의,카이도 사황'백수의 왕' - 불멸의,트리거,Trig_Kaido_Attack,((s__TrigVariables__get_realB(GlobalTV)*0.10)+150000.00),앞단계중간값,❌ 스키마에 없음,NORMAL,UNIVERSAL,,0,조사함-게이트밖,,1,1,1,해당없음(트리거 채널),,"(Stage[GlobalTV]==4) AND GetRandomInt(1,10)<5 ‖ (Stage[GlobalTV]==4) AND NOT(GetRandomInt(1,10)<5) ‖ (Stage[GlobalTV]==6) AND GetRandomInt(1,10)<5 ‖ (Stage[GlobalTV]==6) AND NOT(GetRandomInt(1,10)<5)",추정(지점 여럿),h07M,
h07M,불멸의,카이도 사황'백수의 왕' - 불멸의,트리거,Trig_Kaido_Attack,s__TrigVariables__get_realD(GlobalTV),앞단계중간값,❌ 스키마에 없음,CHAOS,UNIVERSAL,,0,조사함-게이트밖,,1,1,1,해당없음(트리거 채널),,"(Stage[GlobalTV]==4) ‖ (Stage[GlobalTV]==4) AND (GetEventDamage()>=10.00) ‖ (Stage[GlobalTV]==4) AND GetRandomInt(1,10)<5 ‖ (Stage[GlobalTV]==4) AND NOT(GetRandomInt(1,10)<5) ‖ (Stage[GlobalTV]==5) ‖ (Stage[GlobalTV]==5) AND (GetEventDamage()>=10.00) ‖ (Stage[GlobalTV]==6) ‖ (Stage[GlobalTV]==6) AND GetRandomInt(1,10)<5 ‖ (Stage[GlobalTV]==6) AND NOT(GetRandomInt(1,10)<5) ‖ (무조건) ‖ Stage[GlobalTV]",추정(지점 여럿),h07M,
h07M,불멸의,카이도 사황'백수의 왕' - 불멸의,트리거,Trig_Kaido_Attack,500000.00,Flat,✅ Flat,HERO,NORMAL,,0,조사함-게이트밖,,1,1,1,해당없음(트리거 채널),,(Stage[GlobalTV]==6),확정,h07M,
h07M,불멸의,카이도 사황'백수의 왕' - 불멸의,더미,Trig_Kaido_Attack → e0H5(#불멸 카이도우 [공통] 번개) → A0SZ,Wrs1=70000,스톡능력필드,✅ Flat(값 그대로),[미확인],[미확인],2범위 카이도우 스턴 / 필드뜻[미확인],0,조사함-없음(더미채널),,해당없음(더미채널·RRD 아님),해당없음(더미채널·RRD 아님),해당없음(더미채널·RRD 아님),⭕ 피해 있음 — AOws 전쟁의 함성 — 피해,"70,000",해당없음(더미채널 — DUMMY_CHANNEL_GATES.csv 참고),해당없음,,
h07M,불멸의,카이도 사황'백수의 왕' - 불멸의,더미,Trig_Kaido_Attack → e0MP(#불멸 카이도우 버프더미-기본) → A0ZX,Inf1=0.35 Inf4=0.5,스톡능력필드,✅ Flat(값 그대로),[미확인],[미확인],!카이도-분노공증 / 필드뜻[미확인],0,조사함-없음(더미채널),,해당없음(더미채널·RRD 아님),해당없음(더미채널·RRD 아님),해당없음(더미채널·RRD 아님),❌ 피해 아님(버프·디버프·배율·지속),0,해당없음(더미채널 — DUMMY_CHANNEL_GATES.csv 참고),해당없음,,✅ 태그 맞음(2026-09-06 재검증: base·atar·오더 4단계 대조)
h07M,불멸의,카이도 사황'백수의 왕' - 불멸의,더미,Trig_Kaido_Attack → e0MP(#불멸 카이도우 버프더미-기본) → A0ZO,Blo1=0.01,스톡능력필드,✅ Flat(값 그대로),[미확인],[미확인],^카이도 버프 / 필드뜻[미확인],0,조사함-없음(더미채널),,해당없음(더미채널·RRD 아님),해당없음(더미채널·RRD 아님),해당없음(더미채널·RRD 아님),❌ 피해 아님(버프·디버프·배율·지속),0,해당없음(더미채널 — DUMMY_CHANNEL_GATES.csv 참고),해당없음,,✅ 태그 맞음(2026-09-06 재검증: base·atar·오더 4단계 대조)
h07N,변화된,베이비 5 초토화 모드 - 변화된,트리거,Trig_Transpom6,145000.00,Flat,✅ Flat,NORMAL,UNIVERSAL,,0,조사함-게이트밖,,1,1,1,해당없음(트리거 채널),,"GetRandomInt(1,9)==3",확정,h07N,
h07N,변화된,베이비 5 초토화 모드 - 변화된,트리거,Trig_Transpom6,101500.00,Flat,✅ Flat,NORMAL,UNIVERSAL,,0,조사함-게이트밖,,1,1,1,해당없음(트리거 채널),,"GetRandomInt(1,9)==3",확정,h07N,
h07N,변화된,베이비 5 초토화 모드 - 변화된,트리거,Trig_Transpom6,"((GetUnitStateSwap(UNIT_STATE_LIFE,GetTriggerUnit())*0.01)+0.00)",대상현재체력,✅ TargetCurrentHpPercent,NORMAL,UNIVERSAL,,0,조사함-게이트밖,,0.7,0.7,0.7,해당없음(트리거 채널),,"GetRandomInt(1,9)==3 AND GetUnitPointValue(GetTriggerUnit())==200",확정,h07N,
h07N,변화된,베이비 5 초토화 모드 - 변화된,트리거,Trig_Transpom6,"(GetUnitStateSwap(UNIT_STATE_MAX_LIFE,GetTriggerUnit())*(0.089))",대상최대체력,✅ TargetMaxHpPercent,NORMAL,UNIVERSAL,,0,조사함-게이트밖,,1,1,1,해당없음(트리거 채널),,"GetRandomInt(1,9)==3 AND GetUnitPointValue(GetTriggerUnit())==200 ‖ GetRandomInt(1,9)==3 AND 버프보유(GetTriggerUnit(),'B06B')==true",추정(지점 여럿),h07N,
h084,제한됨,시노부 뇌쇄 쿠노이치 - 제한됨,트리거,Trig_Sinobu_Attack,600000.00,Flat,✅ Flat,NORMAL,UNIVERSAL,,0,조사함-게이트밖,,1,1,1,해당없음(트리거 채널),,"GetRandomInt(1,8)==5",확정,h084,
h084,제한됨,시노부 뇌쇄 쿠노이치 - 제한됨,트리거,Trig_Sinobu_Attack,"(GetUnitStateSwap(UNIT_STATE_MAX_LIFE,GetTriggerUnit())*0.02)",대상최대체력,✅ TargetMaxHpPercent,NORMAL,UNIVERSAL,,0,조사함-게이트밖,,1,1,1,해당없음(트리거 채널),,"GetRandomInt(1,8)==5 AND GetUnitPointValue(GetTriggerUnit())<200 ‖ GetRandomInt(1,8)==5 AND GetUnitPointValue(GetTriggerUnit())==200 ‖ NOT(시전자체력==50.00)",추정(지점 여럿),h084,
h084,제한됨,시노부 뇌쇄 쿠노이치 - 제한됨,트리거,Trig_Sinobu_Attack,"((GetUnitStateSwap(UNIT_STATE_MAX_LIFE,GetTriggerUnit())*0.08)*(0.20+(0.05*I2R(GetUnitAbilityLevelSwapped('A11S',GetTriggerUnit())))))",대상최대체력+능력레벨,✅ TargetMaxHpPercent+계수(대상A11S(폭발형 피해 감수도) 축),MELEE,UNIVERSAL,,0,조사함-게이트밖,,1,1,1,해당없음(트리거 채널),,"GetRandomInt(1,8)==5 AND GetUnitPointValue(GetTriggerUnit())<200",확정,h084,
h084,제한됨,시노부 뇌쇄 쿠노이치 - 제한됨,더미,Trig_Sinobu_Attack → e0HZ(!전설 시노부 더미4) → A0U5,Owk1=0.9,스톡능력필드,✅ Flat(값 그대로),[미확인],[미확인],더미 사운드-시노부 / 필드뜻[미확인],0,조사함-없음(더미채널),,해당없음(더미채널·RRD 아님),해당없음(더미채널·RRD 아님),해당없음(더미채널·RRD 아님),❌ 피해 아님(버프·디버프·배율·지속),0,해당없음(더미채널 — DUMMY_CHANNEL_GATES.csv 참고),해당없음,,✅ 태그 맞음(2026-09-06 재검증: base·atar·오더 4단계 대조)
h088,영원한,토트 무지카 봉인된 악보의 괴물 - 영원한,트리거,Trig_Uta_Tots,500000.00,Flat,✅ Flat,HERO,UNIVERSAL,,0,조사함-게이트밖,,1,1,1,해당없음(트리거 채널),,"GetRandomInt(1,4)==1",확정,h088,
h08R,영원한,참된 호걸 코즈키 오뎅 - 영원한,트리거,Trig_Odeng_Attack,1500000.00,Flat,✅ Flat,HERO,NORMAL,,0,조사함-게이트밖,,1,1,1,해당없음(트리거 채널),,"GetRandomInt(1,14)==1",확정,h08R,
h08R,영원한,참된 호걸 코즈키 오뎅 - 영원한,트리거,Trig_Odeng_Attack,1150000.00,Flat,✅ Flat,HERO,NORMAL,,0,조사함-게이트밖,,1,1,1,해당없음(트리거 채널),,(무조건),확정,h08R,
h09Z,전설적인,네코마무시 밤의 왕 - 전설적인,트리거,Trig_Legend32,"(222500.00+(GetUnitStateSwap(UNIT_STATE_MAX_LIFE,GetEnumUnit())*(0.01*0.24)))",대상최대체력,✅ TargetMaxHpPercent,CHAOS,UNIVERSAL,,0,조사함-게이트밖,,1,1,1,해당없음(트리거 채널),,"GetRandomInt(1,7)==3",확정,h09Z,
h09Z,전설적인,네코마무시 밤의 왕 - 전설적인,트리거,Trig_Legend32,20000.00,Flat,✅ Flat,NORMAL,UNIVERSAL,,0,조사함-게이트밖,,1,1,1,해당없음(트리거 채널),,(무조건),확정,h09Z,
h09Z,전설적인,네코마무시 밤의 왕 - 전설적인,트리거,Trig_Legend32,"(GetUnitStateSwap(UNIT_STATE_MAX_LIFE,GetTriggerUnit())*(0.06))",대상최대체력,✅ TargetMaxHpPercent,CHAOS,UNIVERSAL,,0,조사함-게이트밖,,1,1,1,해당없음(트리거 채널),,"GetRandomInt(1,7)==3 AND 버프보유(GetTriggerUnit(),'B06B')==true",확정,h09Z,
h0AD,불멸의,카이도 사황'백수의 왕' - 불멸의,더미,Trig_Kaido_Dragon_Attack → e0MP(#불멸 카이도우 버프더미-기본) → A0ZX,Inf1=0.35 Inf4=0.5,스톡능력필드,✅ Flat(값 그대로),[미확인],[미확인],!카이도-분노공증 / 필드뜻[미확인],0,조사함-없음(더미채널),,해당없음(더미채널·RRD 아님),해당없음(더미채널·RRD 아님),해당없음(더미채널·RRD 아님),❌ 피해 아님(버프·디버프·배율·지속),0,해당없음(더미채널 — DUMMY_CHANNEL_GATES.csv 참고),해당없음,,✅ 태그 맞음(2026-09-06 재검증: base·atar·오더 4단계 대조)
h0AD,불멸의,카이도 사황'백수의 왕' - 불멸의,더미,Trig_Kaido_Dragon_Attack → e0MP(#불멸 카이도우 버프더미-기본) → A0ZO,Blo1=0.01,스톡능력필드,✅ Flat(값 그대로),[미확인],[미확인],^카이도 버프 / 필드뜻[미확인],0,조사함-없음(더미채널),,해당없음(더미채널·RRD 아님),해당없음(더미채널·RRD 아님),해당없음(더미채널·RRD 아님),❌ 피해 아님(버프·디버프·배율·지속),0,해당없음(더미채널 — DUMMY_CHANNEL_GATES.csv 참고),해당없음,,✅ 태그 맞음(2026-09-06 재검증: base·atar·오더 4단계 대조)
h0AI,제한됨,킹 삼재해:화재 - 제한됨,더미,Trig_King_Attack → e0NS(%제한됨변화 킹 공속더미1) → A10X,Blo1=0.3,스톡능력필드,✅ Flat(값 그대로),[미확인],[미확인],^킹 버프 / 필드뜻[미확인],0,조사함-없음(더미채널),,해당없음(더미채널·RRD 아님),해당없음(더미채널·RRD 아님),해당없음(더미채널·RRD 아님),❌ 피해 아님(버프·디버프·배율·지속),0,해당없음(더미채널 — DUMMY_CHANNEL_GATES.csv 참고),해당없음,,✅ 태그 맞음(2026-09-06 재검증: base·atar·오더 4단계 대조)
h00A,흔함,CP9 후쿠로 - 안흔함,더미,Trig_common1 → e0DG(안흔함 더미1) → A0A2,Ucs1=150 Ucs2=7e+07 Ucs4=250,스톡능력필드,✅ Flat(값 그대로),[미확인],[미확인],⚠CSV에 대응 행 없음 / 0장풍 cp 안흔함 / 필드뜻[미확인],0,조사함-없음(더미채널),,해당없음(더미채널·RRD 아님),해당없음(더미채널·RRD 아님),해당없음(더미채널·RRD 아님),⭕ 피해 있음 — ACca 시체 폭발선 — 대상당 피해,150,해당없음(더미채널 — DUMMY_CHANNEL_GATES.csv 참고),해당없음,,
h00M,흔함,CP9 블루노 - 안흔함,더미,Trig_common2 → e0DG(안흔함 더미1) → A0A2,Ucs1=150 Ucs2=7e+07 Ucs4=250,스톡능력필드,✅ Flat(값 그대로),[미확인],[미확인],⚠CSV에 대응 행 없음 / 0장풍 cp 안흔함 / 필드뜻[미확인],0,조사함-없음(더미채널),,해당없음(더미채널·RRD 아님),해당없음(더미채널·RRD 아님),해당없음(더미채널·RRD 아님),⭕ 피해 있음 — ACca 시체 폭발선 — 대상당 피해,150,해당없음(더미채널 — DUMMY_CHANNEL_GATES.csv 참고),해당없음,,
h00R,특별함,로브 루치 CP9 도력 4000 - 특별함,더미,Trig_Speical7 → e05G(S특별함 루치 더미) → A0A1,Ucs1=600 Ucs2=7e+07 Ucs4=250,스톡능력필드,✅ Flat(값 그대로),[미확인],[미확인],⚠CSV에 대응 행 없음 / 0장풍 루치 특별함 / 필드뜻[미확인],0,조사함-없음(더미채널),,해당없음(더미채널·RRD 아님),해당없음(더미채널·RRD 아님),해당없음(더미채널·RRD 아님),⭕ 피해 있음 — ACca 시체 폭발선 — 대상당 피해,600,해당없음(더미채널 — DUMMY_CHANNEL_GATES.csv 참고),해당없음,,
h01X,희귀함,몽키.D.루피 기어서드 초신성 - 희귀함,트리거,Trig_Unique32,22500.00,Flat,✅ Flat,NORMAL,UNIVERSAL,⚠CSV에 대응 행 없음,0,조사함-게이트밖,,1,1,1,해당없음(트리거 채널),,(Stage[GlobalTV]==2),확정,h01X,
h01X,희귀함,몽키.D.루피 기어서드 초신성 - 희귀함,더미,Trig_Unique32 → e0BR(U희귀함 루피 더미 3) → A0PC,Htb1=10000 arlv=6,스톡능력필드,✅ Flat(값 그대로),[미확인],[미확인],⚠CSV에 대응 행 없음 / C루피희귀 스턴 / 필드뜻[미확인],0,조사함-없음(더미채널),,해당없음(더미채널·RRD 아님),해당없음(더미채널·RRD 아님),해당없음(더미채널·RRD 아님),⭕ 피해 있음 — AHtb 폭풍 망치 — 피해,"10,000",해당없음(더미채널 — DUMMY_CHANNEL_GATES.csv 참고),해당없음,,
h026,희귀함,시류 전 임펠다운 간수장 - 희귀함,트리거,Trig_Unique19,"((GetUnitStateSwap(UNIT_STATE_LIFE,GetTriggerUnit())*0.10)*(0.20+(0.05*I2R(GetUnitAbilityLevelSwapped('A11S',GetTriggerUnit())))))",대상현재체력+능력레벨,✅ TargetCurrentHpPercent+계수(대상A11S(폭발형 피해 감수도) 축),MELEE,UNIVERSAL,⚠CSV에 대응 행 없음,0,조사함-게이트밖,,1,1,1,해당없음(트리거 채널),,"GetRandomInt(1,10)==3 AND GetUnitPointValue(GetTriggerUnit())<200",확정,h026,
h026,희귀함,시류 전 임펠다운 간수장 - 희귀함,트리거,Trig_Unique19,12500.00,Flat,✅ Flat,NORMAL,UNIVERSAL,⚠CSV에 대응 행 없음,0,조사함-게이트밖,,1,1,1,해당없음(트리거 채널),,"GetRandomInt(1,10)==3 AND NOT(GetUnitPointValue(GetTriggerUnit())<200)",확정,h026,
h02I,희귀함,상디 디아블 잠브 - 희귀함,트리거,Trig_Unique1,5000.00,Flat,✅ Flat,NORMAL,UNIVERSAL,⚠CSV에 대응 행 없음,0,조사함-게이트밖,,0.8,1.5,1.15,해당없음(트리거 채널),,"GetRandomInt(1,5)==3",확정,h02I,
h02J,희귀함,킨에몬 와노쿠니의 사무라이 - 희귀함,트리거,Trig_Unique5,6000.00,Flat,✅ Flat,NORMAL,UNIVERSAL,⚠CSV에 대응 행 없음,0,조사함-게이트밖,,1,1,1,해당없음(트리거 채널),,"GetRandomInt(1,12)==3",확정,h02J,
