버프,"창(adur, 초)",거는 능력,시전 더미,읽는 트리거,본체 유닛,유닛 이름,ua1c(기본 쿨),공속 업그레이드,실효 간격(연구1레벨),실효 간격(연구최대),창당 평타 수(1레벨),창당 평타 수(최대),판정,창당 평타 수(연구0),권장 덮는 대수(정정판)
B06G,0.20,A121,e0D3 (E영원 비비 절대쿨 더미),Trig_ViVi_Attack_Actions,h057,알라바스타의 왕녀-ver파이러츠 네펠,0.74,R01Q(0.03/+0.03/3) · R013(0.20/+0.14/21),0.602,0.181,0.3,1.1,🔴 원작에서도 연구 초반엔 창이 한 대도 못 덮는다. 연구를 올려야 겨우 1회,0.27,1
B00D,0.40,A085,e01K (공격시 7% 확률로 발동),Trig_Legend14_Actions,h032,보아 핸콕 쿠사 해적단 선장 - 전설적인,0.76,R01W(0.04/+0.04/3) · R000(1.95/+0.05/21),0.254,0.187,1.6,2.1,🟡 「다음 1~2대」,0.53,2
B00M,0.60,A0S4,e03S (#불멸 Z 차지 버스터 홀드더미),Trig_Z_Attack_Actions,h04G,"제트 해군 스승 ""Z"" - 불멸의",0.66,R01N(0.03/+0.03/3) · R002(2.10/+0.06/21),0.211,0.150,2.8,4.0,"✅ 「다음 약 3대」 — 구현담당2 건. e03S에 내려지는 오더가 ""bloodlust""(=Ablo=A0S4)라 이쪽이 확정",0.91,3
B00M,3.00,A09D,e03S (같은 더미의 다른 능력),Trig_Z_Attack_Actions,h04G,"제트 해군 스승 ""Z"" - 불멸의",0.66,동일,0.211,0.150,14.2,20.0,"⚪ 시전되지 않는다 — base가 Aenr이라 ""bloodlust"" 오더로는 안 걸린다. war3map.j 등장 0회",0.91,3
B03M,0.70,A0OP,e0E3 (E영원 핸콕 버프 더미),Trig_Hancock_Attack_Actions,h05C,'아마존릴리의 여제' 보아 핸콕 - 영원한,0.74,R01T(0.04/+0.04/3) · R016(0.30/+0.15/21),0.552,0.167,1.3,4.2,🟡 연구에 따라 1~4대. 편차가 크다,0.95,1
B00Y,0.85,A0AQ,e073 (공격시 4.15% 확률로 발동),Trig_BrookAttack_Actions,H09I,소울 킹 (브룩),0.61,R01M(0.03/+0.03/3) · R003(2.15/+0.06/21),0.192,0.137,4.4,6.2,✅ 「다음 4~6대」,1.39,4
B05N,1.15,A0ZH,e0MO (히그마 버프 더미),Trig_Higma_Attack_Actions,h0AC,마운틴.D.히그마 - 랜덤전용[제한됨],0.76,R01L(0.03/+0.03/3) · R019(0.00/+0.14/21),0.738,0.195,1.6,5.9,🟡 R019는 기본 공속 보너스가 0이라 연구 초반 편차가 가장 크다,1.51,2
B045,1.25,A0R7,e0FA (%제한됨변화 카타쿠리 버프),Trig_katakuriAttack_Actions,h07I,샬롯 카타쿠리 장성 밀가루 대신 - 제한됨,0.61,R01P(0.03/+0.03/3) · R022(0.70/+0.06/21),0.353,0.204,3.5,6.1,✅ 「다음 4~6대」,2.05,4
B03P,1.40,A10X,e0NS (%제한됨변화 킹 공속더미1),Trig_King_Attack_Func008Func004C,h0AI,킹 삼재해:화재 - 제한됨,0.64,R01L(0.03/+0.03/3) · R02Q(0.70/+0.07/21),0.370,0.201,3.8,7.0,✅ 「다음 4~7대」,2.19,4
